Date	Hour	Tmax(C)	Tmin(C)	ET0	Rain(mm)
2021-05-30	13:21:10	20.44	17.89	0.838	0.0
2021-05-30	14:23:48	20.44	17.89	1.092	0.0
2021-05-30	14:30:39	20.44	17.89	1.092	0.0
2021-05-30	15:00:41	20.44	17.89	1.092	0.0
2021-05-30	15:30:43	20.44	17.89	1.27	0.0
2021-05-30	16:30:46	19.11	18.33	0.0	0.0
2021-05-30	17:00:47	19.56	18.33	0.0	0.0
2021-05-30	17:30:49	19.56	17.28	0.152	0.0
2021-05-30	18:00:51	19.56	16.39	0.152	0.0
2021-05-30	18:30:03	19.56	15.39	0.17800000000000002	0.0
2021-05-30	18:30:55	19.56	15.33	0.17800000000000002	0.0
2021-05-31	09:00:15	16.28	9.39	0.102	0.0
2021-05-31	09:30:16	16.83	9.39	0.406	0.0
2021-05-31	10:00:18	17.28	9.39	0.406	0.0
2021-05-31	10:30:19	17.67	9.39	0.61	0.0
2021-05-31	11:00:21	18.78	9.39	0.61	0.0
2021-05-31	11:30:22	19.44	9.39	0.838	0.0
2021-05-31	12:00:25	20.0	9.39	0.838	0.0
2021-05-31	12:30:27	20.94	9.39	1.219	0.0
2021-05-31	13:00:29	20.94	9.39	1.219	0.0
2021-05-31	13:30:30	20.94	9.39	1.651	0.0
2021-05-31	14:00:32	21.44	9.39	1.651	0.0
2021-05-31	14:30:33	21.44	9.39	2.1590000000000003	0.0
2021-05-31	15:00:35	21.72	9.39	2.1590000000000003	0.0
2021-05-31	15:30:37	21.72	9.39	2.515	0.0
2021-05-31	16:00:39	21.72	9.39	2.515	0.0
2021-05-31	16:30:40	21.72	9.39	2.667	0.0
2021-05-31	17:00:42	21.72	9.39	2.667	0.0
2021-05-31	17:30:44	21.72	9.39	2.7430000000000003	0.0
2021-05-31	18:00:45	21.72	9.39	2.7430000000000003	0.0
2021-05-31	18:30:47	21.72	9.39	2.7689999999999997	0.0
2021-05-31	19:00:48	21.72	9.39	2.769	0.0
2021-05-31	19:30:51	21.72	9.39	2.7939999999999996	0.0
2021-05-31	20:00:02	21.72	9.39	2.794	0.0
2021-05-31	20:00:53	21.72	9.39	2.7939999999999996	0.0
2021-05-31	20:30:05	21.72	9.39	2.819	0.0
2021-05-31	20:30:56	21.72	9.39	2.819	0.0
2021-05-31	21:00:08	21.72	9.39	2.819	0.201
2021-05-31	21:00:59	21.72	9.39	2.819	0.201
2021-05-31	21:30:12	21.72	9.39	2.845	0.201
2021-05-31	22:00:14	21.72	9.39	2.845	0.201
2021-05-31	22:30:15	21.72	9.39	2.87	0.201
2021-05-31	23:00:17	21.72	9.39	2.87	0.201
2021-05-31	23:30:18	21.72	9.39	2.87	0.201
2021-06-01	00:00:20	21.72	9.39	2.87	0.201
2021-06-01	00:30:24	11.83	11.67	0.0	0.0
2021-06-01	01:00:26	11.83	11.56	0.0	0.0
2021-06-01	01:30:27	11.83	11.56	0.0	0.0
2021-06-01	02:00:29	11.83	11.22	0.0	0.0
2021-06-01	02:30:30	11.83	10.67	0.0	0.0
2021-06-01	03:00:32	11.83	10.5	0.0	0.0
2021-06-01	03:30:33	11.83	10.28	0.0	0.0
2021-06-01	04:00:35	11.83	10.22	0.0	0.0
2021-06-01	04:30:36	11.83	10.17	0.0	0.0
2021-06-01	05:00:38	11.83	10.17	0.0	0.0
2021-06-01	05:30:39	11.83	10.11	0.0	0.0
2021-06-01	06:00:41	11.83	10.11	0.0	0.0
2021-06-01	06:30:42	11.83	10.11	0.0	0.0
2021-06-01	07:00:44	11.83	10.11	0.0	0.0
2021-06-01	07:30:46	12.72	10.11	0.025	0.0
2021-06-01	08:00:47	13.67	10.11	0.025	0.0
2021-06-01	08:30:49	15.17	10.11	0.127	0.0
2021-06-01	09:00:50	16.39	10.11	0.127	0.0
2021-06-01	09:30:02	17.5	10.11	0.381	0.0
2021-06-01	09:30:53	17.61	10.11	0.381	0.0
2021-06-01	10:00:04	18.5	10.11	0.381	0.0
2021-06-01	10:00:55	18.5	10.11	0.381	0.0
2021-06-01	10:30:06	19.39	10.11	0.711	0.0
2021-06-01	10:30:58	19.5	10.11	0.711	0.0
2021-06-01	11:00:09	20.28	10.11	0.711	0.0
2021-06-01	11:01:00	20.28	10.11	0.711	0.0
2021-06-01	11:30:12	20.28	10.11	1.016	0.0
2021-06-07	00:00:42	22.33	10.28	2.515	0.201
2021-06-07	00:15:46	10.28	10.17	0.0	0.0
2021-06-07	00:30:48	10.56	10.17	0.0	0.0
2021-06-07	00:45:49	10.83	10.17	0.0	0.0
2021-06-07	01:00:52	11.22	10.17	0.0	0.0
2021-06-07	01:15:52	11.22	10.17	0.0	0.0
2021-06-07	01:30:53	11.22	10.17	0.0	0.0
2021-06-07	04:30:22	11.39	10.17	0.0	0.0
2021-06-07	09:00:39	15.11	10.17	0.102	0.0
2021-06-07	09:15:40	15.56	10.17	0.254	0.0
2021-06-07	09:30:41	16.06	10.17	0.254	0.0
2021-06-07	09:45:41	16.78	10.17	0.254	0.0
2021-06-07	10:00:42	16.83	10.17	0.254	0.0
2021-06-07	10:15:43	17.61	10.17	0.483	0.0
2021-06-07	10:30:44	18.56	10.17	0.483	0.0
2021-06-07	10:45:45	19.56	10.17	0.483	0.0
2021-06-07	11:00:46	19.56	10.17	0.483	0.0
2021-06-07	11:15:46	19.78	10.17	0.813	0.0
2021-06-07	11:30:47	20.28	10.17	0.813	0.0
2021-06-07	11:45:48	20.28	10.17	0.813	0.0
2021-06-07	12:00:49	20.28	10.17	0.813	0.0
2021-06-07	12:15:49	20.61	10.17	1.295	0.0
2021-06-07	12:30:50	21.0	10.17	1.295	0.0
2021-06-07	12:45:51	21.44	10.17	1.295	0.0
2021-06-07	13:00:52	21.44	10.17	1.295	0.0
2021-06-07	13:15:53	22.0	10.17	1.905	0.0
2021-06-07	13:30:54	22.0	10.17	1.905	0.0
2021-06-07	13:45:56	22.0	10.17	1.905	0.0
2021-06-07	14:00:57	22.0	10.17	1.905	0.0
2021-06-07	14:15:57	22.0	10.17	2.438	0.0
2021-06-07	14:30:58	22.0	10.17	2.438	0.0
2021-06-07	14:46:01	22.0	10.17	2.438	0.0
2021-06-07	15:00:06	22.0	10.17	2.438	0.0
2021-06-07	15:15:10	22.0	10.17	2.769	0.0
2021-06-07	15:30:11	22.0	10.17	2.7689999999999997	0.0
2021-06-07	15:45:12	22.28	10.17	2.769	0.0
2021-06-07	16:00:13	22.56	10.17	2.7689999999999997	0.0
2021-06-07	16:15:14	22.56	10.17	3.073	0.0
2021-06-07	16:30:15	22.56	10.17	3.073	0.0
2021-06-07	16:45:16	22.56	10.17	3.073	0.0
2021-06-07	17:00:17	22.56	10.17	3.073	0.0
2021-06-07	17:15:18	22.56	10.17	3.15	0.0
2021-06-07	17:30:42	22.56	10.17	3.15	0.0
2021-06-07	17:45:43	22.56	10.17	3.15	0.0
2021-06-07	18:00:48	22.56	10.17	3.15	0.0
2021-06-07	18:15:55	22.56	10.17	3.2	0.0
2021-06-07	18:30:55	22.56	10.17	3.2	0.0
2021-06-07	18:45:57	22.56	10.17	3.2	0.0
2021-06-07	19:00:59	22.56	10.17	3.2	0.0
2021-06-07	19:16:00	22.56	10.17	3.2260000000000004	0.0
2021-06-07	19:30:01	22.56	10.17	3.2260000000000004	0.0
2021-06-07	19:45:05	22.56	10.17	3.2260000000000004	0.0
2021-06-07	20:00:06	22.56	10.17	3.2260000000000004	0.0
2021-06-07	20:15:07	22.56	10.17	3.2510000000000003	0.0
2021-06-07	20:30:08	22.56	10.17	3.2510000000000003	0.0
2021-06-07	20:45:09	22.56	10.17	3.2510000000000003	0.0
2021-06-07	21:00:09	22.56	10.17	3.2510000000000003	0.0
2021-06-07	21:15:10	22.56	10.17	3.277	0.0
2021-06-07	21:30:11	22.56	10.17	3.2769999999999997	0.0
2021-06-07	21:45:12	22.56	10.17	3.277	0.0
2021-06-07	22:00:13	22.56	10.17	3.2769999999999997	0.0
2021-06-07	22:15:14	22.56	10.17	3.302	0.0
2021-06-07	22:30:14	22.56	10.17	3.302	0.0
2021-06-07	22:45:18	22.56	10.17	3.302	0.0
2021-06-07	23:00:19	22.56	10.17	3.302	0.0
2021-06-07	23:15:21	22.56	10.17	3.327	0.0
2021-06-07	23:30:22	22.56	10.17	3.327	0.0
2021-06-07	23:45:23	22.56	10.17	3.327	0.0
2021-06-08	00:00:24	22.56	10.17	3.327	0.0
2021-06-08	00:15:25	13.5	13.33	0.0	0.0
2021-06-08	00:30:26	13.5	13.17	0.0	0.0
2021-06-08	00:45:27	13.5	12.83	0.0	0.0
2021-06-08	01:00:28	13.5	12.72	0.0	0.0
2021-06-08	01:15:29	13.5	12.72	0.025	0.0
2021-06-08	01:30:30	13.5	12.72	0.025	0.0
2021-06-08	01:45:31	13.5	12.56	0.025	0.0
2021-06-08	02:00:31	13.5	12.56	0.025	0.0
2021-06-08	02:15:32	13.5	12.33	0.025	0.0
2021-06-08	02:30:33	13.5	12.28	0.025	0.0
2021-06-08	02:45:34	13.5	12.28	0.025	0.0
2021-06-08	03:00:35	13.5	12.28	0.025	0.0
2021-06-08	03:15:35	13.5	12.28	0.025	0.0
2021-06-08	03:30:36	13.5	12.28	0.025	0.0
2021-06-08	03:45:37	13.5	12.0	0.025	0.0
2021-06-08	04:00:38	13.5	12.0	0.025	0.0
2021-06-08	04:15:41	13.5	12.0	0.025	0.0
2021-06-08	04:30:42	13.5	12.0	0.025	0.0
2021-06-08	04:45:43	13.5	12.0	0.025	0.0
2021-06-08	05:00:44	13.5	12.0	0.025	0.0
2021-06-08	05:15:45	13.5	12.0	0.025	0.0
2021-06-08	05:30:46	13.5	12.0	0.025	0.0
2021-06-08	05:45:46	13.5	12.0	0.025	0.0
2021-06-08	06:00:47	13.5	12.0	0.025	0.0
2021-06-08	06:15:48	13.5	12.0	0.025	0.0
2021-06-08	06:30:49	13.5	12.0	0.025	0.0
2021-06-08	06:45:49	13.5	12.0	0.025	0.0
2021-06-08	07:00:50	13.5	12.0	0.025	0.0
2021-06-08	07:15:51	13.5	12.0	0.051	0.0
2021-06-08	07:30:52	13.5	12.0	0.051	0.0
2021-06-08	07:45:53	13.72	12.0	0.051	0.0
2021-06-08	08:00:54	13.94	12.0	0.051	0.0
2021-06-08	08:15:54	14.28	12.0	0.127	0.0
2021-06-08	08:30:55	15.0	12.0	0.127	0.0
2021-06-08	08:45:56	15.17	12.0	0.127	0.0
2021-06-08	09:00:57	15.17	12.0	0.127	0.0
2021-06-08	09:15:58	15.89	12.0	0.279	0.0
2021-06-08	09:30:59	16.17	12.0	0.27899999999999997	0.0
2021-06-08	09:45:59	16.44	12.0	0.279	0.0
2021-06-08	10:00:00	16.78	12.0	0.27899999999999997	0.0
2021-06-08	10:15:01	17.0	12.0	0.483	0.0
2021-06-08	10:30:02	17.78	12.0	0.483	0.0
2021-06-08	10:45:03	18.39	12.0	0.483	0.0
2021-06-08	11:00:04	19.11	12.0	0.483	0.0
2021-06-08	11:15:05	19.39	12.0	0.838	0.0
2021-06-08	11:30:06	19.94	12.0	0.838	0.0
2021-06-08	11:45:07	19.94	12.0	0.838	0.0
2021-06-08	12:00:08	20.06	12.0	0.838	0.0
2021-06-08	12:15:08	20.33	12.0	1.245	0.0
2021-06-08	12:30:09	20.67	12.0	1.245	0.0
2021-06-08	12:45:10	20.67	12.0	1.245	0.0
2021-06-08	13:00:11	20.67	12.0	1.245	0.0
2021-06-08	14:30:19	22.11	12.0	1.905	0.0
2021-06-08	14:45:45	22.17	12.0	1.905	0.0
2021-06-08	15:00:50	22.17	12.0	1.905	0.0
2021-06-08	15:15:54	22.17	12.0	2.21	0.0
2021-06-08	15:30:57	22.17	12.0	2.21	0.0
2021-06-08	16:00:02	22.17	12.0	2.21	0.0
2021-06-08	16:15:07	22.17	12.0	2.362	0.0
2021-06-08	16:30:12	22.17	12.0	2.362	0.0
2021-06-08	17:30:07	22.17	12.0	2.464	0.0
2021-06-08	17:45:13	22.17	12.0	2.464	0.0
2021-06-08	17:45:54	22.17	12.0	2.464	0.0
2021-06-08	21:16:02	22.17	11.78	2.54	0.399
2021-06-08	21:30:11	22.17	11.67	2.54	0.39899999999999997
2021-06-08	21:45:16	22.17	11.56	2.54	0.399
2021-06-08	22:00:25	22.17	11.22	2.54	0.39899999999999997
2021-06-08	22:15:30	22.17	11.22	2.54	0.399
2021-06-08	22:30:34	22.17	11.06	2.54	0.39899999999999997
2021-06-08	22:45:37	22.17	11.06	2.54	0.399
2021-06-08	23:00:41	22.17	11.06	2.54	0.39899999999999997
2021-06-08	23:15:49	22.17	11.06	2.54	0.399
2021-06-08	23:30:53	22.17	11.06	2.54	0.39899999999999997
2021-06-08	23:45:59	22.17	11.06	2.54	0.399
2021-06-09	00:00:02	22.17	11.06	2.54	0.39899999999999997
2021-06-09	00:15:06	11.39	11.17	0.0	0.0
2021-06-09	04:30:09	11.61	11.17	0.0	0.0
2021-06-09	04:45:23	11.61	11.17	0.0	0.0
2021-06-09	05:00:37	11.61	11.17	0.0	0.0
2021-06-09	05:15:51	11.72	11.17	0.0	0.0
2021-06-09	05:30:07	11.83	11.17	0.0	0.0
2021-06-09	05:45:18	11.83	11.17	0.0	0.0
2021-06-09	06:00:29	11.83	11.17	0.0	0.0
2021-06-09	06:15:44	11.83	11.17	0.0	0.0
2021-06-09	06:30:04	11.94	11.17	0.0	0.0
2021-06-09	06:45:11	12.06	11.17	0.0	0.0
2021-06-09	07:00:18	12.22	11.17	0.0	0.0
2021-06-09	07:15:24	12.33	11.17	0.025	0.0
2021-06-09	07:30:30	12.61	11.17	0.025	0.0
2021-06-09	07:45:35	12.89	11.17	0.025	0.0
2021-06-09	08:00:39	13.5	11.17	0.025	0.0
2021-06-09	08:15:43	13.83	11.17	0.102	0.0
2021-06-09	08:30:49	14.22	11.17	0.102	0.0
2021-06-09	08:45:57	14.39	11.17	0.102	0.0
2021-06-09	09:00:02	14.72	11.17	0.102	0.0
2021-06-09	09:15:08	15.0	11.17	0.229	0.0
2021-06-09	09:30:13	15.22	11.17	0.22899999999999998	0.0
2021-06-09	09:45:18	15.61	11.17	0.229	0.0
2021-06-09	10:00:22	16.06	11.17	0.22899999999999998	0.0
2021-06-09	10:15:27	16.28	11.17	0.406	0.0
2021-06-09	10:30:32	16.39	11.17	0.406	0.0
2021-06-09	10:45:38	16.89	11.17	0.406	0.0
2021-06-09	11:00:50	18.06	11.17	0.406	0.0
2021-06-09	12:00:07	20.56	11.17	0.61	0.0
2021-06-09	12:15:08	20.56	11.17	0.94	0.0
2021-06-09	12:30:09	20.56	11.17	0.94	0.0
2021-06-09	12:45:11	20.56	11.17	0.94	0.0
2021-06-09	13:00:13	20.56	11.17	0.94	0.0
2021-06-09	13:15:53	20.94	11.17	1.321	0.0
2021-06-09	13:30:59	20.94	11.17	1.321	0.0
2021-06-09	13:45:06	20.94	11.17	1.321	0.0
2021-06-09	14:00:13	20.94	11.17	1.321	0.0
2021-06-09	14:15:19	20.94	11.17	1.651	0.0
2021-06-09	14:30:23	20.94	11.17	1.651	0.0
2021-06-09	14:45:28	20.94	11.17	1.651	0.0
2021-06-09	15:00:32	20.94	11.17	1.651	0.599
2021-06-09	15:15:37	20.94	11.17	1.7530000000000001	0.599
2021-06-09	15:30:42	20.94	11.17	1.753	0.599
2021-06-09	15:45:39	20.94	11.17	1.7530000000000001	0.599
2021-06-09	16:00:40	20.94	11.17	1.753	0.599
2021-06-09	16:15:41	20.94	11.17	1.905	0.599
2021-06-09	16:30:42	20.94	11.17	1.905	0.599
2021-06-09	16:45:43	20.94	11.17	1.905	0.599
2021-06-09	17:00:44	20.94	11.17	1.905	0.599
2021-06-09	17:15:44	20.94	11.17	1.9809999999999999	1.001
2021-06-09	17:30:45	20.94	11.17	1.981	1.001
2021-06-09	17:45:46	20.94	11.17	1.9809999999999999	1.001
2021-06-09	18:00:48	20.94	11.17	1.981	1.001
2021-06-09	18:15:50	20.94	11.17	1.9809999999999999	1.001
2021-06-09	18:30:51	20.94	11.17	1.981	1.001
2021-06-09	18:45:52	20.94	11.17	1.9809999999999999	1.001
2021-06-09	19:00:53	20.94	11.17	1.981	1.001
2021-06-09	19:15:53	20.94	11.17	1.9809999999999999	1.001
2021-06-09	19:30:54	20.94	11.17	1.981	1.001
2021-06-09	19:45:55	20.94	11.17	1.9809999999999999	1.001
2021-06-09	20:00:56	20.94	11.17	1.981	1.001
2021-06-09	20:15:57	20.94	11.17	1.9809999999999999	1.199
2021-06-09	20:30:57	20.94	11.17	1.981	1.199
2021-06-09	20:46:00	20.94	11.17	1.9809999999999999	1.199
2021-06-09	21:00:01	20.94	11.17	1.981	1.199
2021-06-09	21:15:02	20.94	11.17	1.9809999999999999	1.4
2021-06-09	21:30:20	20.94	11.17	1.981	4.6
2021-06-09	21:45:23	20.94	11.17	1.9809999999999999	4.801
2021-06-09	22:00:27	20.94	11.17	1.981	4.801
2021-06-09	22:15:31	20.94	11.17	1.9809999999999999	4.801
2021-06-09	22:30:37	20.94	11.17	1.981	4.801
2021-06-09	22:45:41	20.94	11.17	1.9809999999999999	4.801
2021-06-09	23:00:46	20.94	11.17	1.981	4.801
2021-06-09	23:15:50	20.94	11.17	1.9809999999999999	4.801
2021-06-09	23:30:54	20.94	11.17	1.981	4.801
2021-06-09	23:45:59	20.94	11.17	1.9809999999999999	4.801
2021-06-10	00:00:04	20.94	11.17	1.981	4.801
2021-06-10	00:15:08	12.83	12.72	0.0	0.0
2021-06-10	00:30:11	12.83	12.72	0.0	0.0
2021-06-10	00:45:15	12.83	12.72	0.0	0.0
2021-06-10	01:00:19	12.83	12.72	0.0	0.0
2021-06-10	01:15:23	12.83	12.67	0.0	0.0
2021-06-10	01:30:27	12.83	12.56	0.0	0.0
2021-06-10	01:45:30	12.83	12.22	0.0	0.0
2021-06-10	02:00:36	12.83	12.11	0.0	0.0
2021-06-10	02:15:39	12.83	12.06	0.0	0.0
2021-06-10	02:30:44	12.83	12.0	0.0	0.0
2021-06-10	02:45:49	12.83	12.0	0.0	0.0
2021-06-10	03:00:53	12.83	12.0	0.0	0.0
2021-06-10	03:15:57	12.83	11.94	0.0	0.0
2021-06-10	03:30:03	12.83	11.94	0.0	0.0
2021-06-10	03:45:07	12.83	11.94	0.0	0.0
2021-06-10	04:00:11	12.83	11.94	0.0	0.0
2021-06-10	04:15:14	12.83	11.94	0.0	0.0
2021-06-10	04:30:18	12.83	11.94	0.0	0.0
2021-06-10	04:45:22	12.83	11.94	0.0	0.0
2021-06-10	05:00:25	12.83	11.94	0.0	0.0
2021-06-10	05:15:29	12.83	11.94	0.0	0.0
2021-06-10	05:30:33	12.83	11.94	0.0	0.0
2021-06-10	05:45:37	12.83	11.94	0.0	0.0
2021-06-10	06:00:40	12.83	11.94	0.0	0.0
2021-06-10	06:15:44	12.83	11.94	0.0	0.0
2021-06-10	06:30:49	12.83	11.94	0.0	0.0
2021-06-10	06:45:53	12.83	11.94	0.0	0.0
2021-06-10	07:00:57	12.83	11.94	0.0	0.0
2021-06-10	07:15:01	12.83	11.94	0.025	0.0
2021-06-10	07:30:06	12.83	11.94	0.025	0.0
2021-06-10	07:45:10	12.83	11.94	0.025	0.0
2021-06-10	08:00:14	12.83	11.94	0.025	0.0
2021-06-10	08:15:17	12.83	11.94	0.051	0.0
2021-06-10	08:30:21	13.11	11.94	0.051	0.0
2021-06-10	08:45:25	13.39	11.94	0.051	0.0
2021-06-10	09:00:29	13.67	11.94	0.051	0.0
2021-06-10	09:15:32	13.72	11.94	0.127	0.0
2021-06-10	09:30:37	13.94	11.94	0.127	0.0
2021-06-10	09:45:42	14.06	11.94	0.127	0.0
2021-06-10	10:00:46	14.5	11.94	0.127	0.0
2021-06-10	10:15:50	14.72	11.94	0.22899999999999998	0.0
2021-06-10	10:30:54	14.83	11.94	0.229	0.0
2021-06-10	10:45:58	15.33	11.94	0.22899999999999998	0.0
2021-06-10	11:00:01	15.56	11.94	0.229	0.0
2021-06-10	11:15:06	16.11	11.94	0.381	0.0
2021-06-10	11:30:09	16.44	11.94	0.381	0.0
2021-06-10	11:45:13	16.67	11.94	0.381	0.0
2021-06-10	12:00:19	17.17	11.94	0.381	0.0
2021-06-10	12:15:25	17.33	11.94	0.61	0.0
2021-06-10	12:30:30	17.33	11.94	0.61	0.0
2021-06-10	12:45:35	17.67	11.94	0.61	0.0
2021-06-10	13:00:41	18.11	11.94	0.61	0.0
2021-06-10	13:15:48	18.61	11.94	0.8640000000000001	0.0
2021-06-10	13:30:55	18.94	11.94	0.8640000000000001	0.0
2021-06-10	13:45:59	19.67	11.94	0.8640000000000001	0.0
2021-06-10	14:00:07	20.22	11.94	0.8640000000000001	0.0
2021-06-10	14:15:10	20.33	11.94	1.219	0.0
2021-06-10	14:30:14	20.89	11.94	1.219	0.0
2021-06-10	14:45:18	20.89	11.94	1.219	0.0
2021-06-10	15:00:21	20.89	11.94	1.219	0.0
2021-06-10	15:15:25	20.89	11.94	1.626	0.0
2021-06-10	15:30:29	20.89	11.94	1.626	0.0
2021-06-10	15:45:32	20.89	11.94	1.626	0.0
2021-06-10	16:00:36	20.89	11.94	1.626	0.0
2021-06-10	16:15:39	20.89	11.94	1.956	0.0
2021-06-10	16:30:43	20.89	11.94	1.956	0.0
2021-06-10	16:45:49	20.89	11.94	1.956	0.0
2021-06-10	17:00:52	20.89	11.94	1.956	0.0
2021-06-10	17:15:56	20.89	11.94	2.108	0.0
2021-06-10	17:30:59	20.89	11.94	2.108	0.0
2021-06-10	17:45:03	20.89	11.94	2.108	0.0
2021-06-10	18:00:07	20.89	11.94	2.108	0.0
2021-06-10	18:15:11	20.89	11.94	2.1590000000000003	0.0
2021-06-10	18:30:14	20.89	11.94	2.1590000000000003	0.0
2021-06-10	18:45:18	20.89	11.94	2.1590000000000003	0.0
2021-06-10	19:00:22	20.89	11.94	2.1590000000000003	0.0
2021-06-10	19:15:25	20.89	11.94	2.184	0.0
2021-06-10	19:30:30	20.89	11.94	2.184	0.0
2021-06-10	19:45:34	20.89	11.94	2.184	0.0
2021-06-10	20:00:37	20.89	11.94	2.184	0.0
2021-06-10	20:15:41	20.89	11.94	2.21	0.0
2021-06-10	20:30:44	20.89	11.94	2.21	0.0
2021-06-10	20:45:51	20.89	11.94	2.21	0.0
2021-06-10	21:00:54	20.89	11.94	2.21	0.0
2021-06-10	21:15:57	20.89	11.94	2.21	0.0
2021-06-10	21:30:01	20.89	11.94	2.21	0.0
2021-06-10	21:45:04	20.89	11.94	2.21	0.0
2021-06-10	22:00:08	20.89	11.94	2.21	0.0
2021-06-10	22:15:11	20.89	11.94	2.21	0.0
2021-06-10	22:30:15	20.89	11.94	2.21	0.0
2021-06-10	22:45:18	20.89	11.83	2.21	0.0
2021-06-10	23:45:22	20.89	10.83	2.21	0.0
2021-06-11	00:00:27	20.89	10.78	2.21	0.0
2021-06-11	00:15:30	10.78	10.61	0.0	0.0
2021-06-11	00:30:34	10.78	10.28	0.0	0.0
2021-06-11	00:45:38	10.78	10.22	0.0	0.0
2021-06-11	01:00:42	10.78	10.22	0.0	0.0
2021-06-11	01:15:45	10.78	10.06	0.0	0.0
2021-06-11	01:30:49	10.78	9.83	0.0	0.0
2021-06-11	01:45:53	10.78	9.78	0.0	0.0
2021-06-11	02:00:56	10.78	9.44	0.0	0.0
2021-06-11	02:16:00	10.78	9.33	0.0	0.0
2021-06-11	02:30:04	10.78	9.28	0.0	0.0
2021-06-11	02:45:07	10.78	9.06	0.0	0.0
2021-06-11	03:00:11	10.78	9.06	0.0	0.0
2021-06-11	03:15:14	10.78	9.0	0.0	0.0
2021-06-11	03:30:18	10.78	8.83	0.0	0.0
2021-06-11	03:45:21	10.78	8.83	0.0	0.0
2021-06-11	04:00:25	10.78	8.83	0.0	0.0
2021-06-11	04:15:28	10.78	8.83	0.0	0.0
2021-06-11	04:30:32	10.78	8.83	0.0	0.0
2021-06-11	04:45:36	10.78	8.83	0.0	0.0
2021-06-11	05:00:39	10.78	8.83	0.0	0.0
2021-06-11	05:15:43	10.78	8.83	0.0	0.0
2021-06-11	05:30:49	10.78	8.83	0.0	0.0
2021-06-11	05:45:52	10.78	8.83	0.0	0.0
2021-06-11	06:00:56	10.78	8.83	0.0	0.0
2021-06-11	06:15:59	10.78	8.83	0.0	0.0
2021-06-11	06:30:03	10.78	8.83	0.0	0.0
2021-06-11	06:45:07	10.78	8.83	0.0	0.0
2021-06-11	07:00:11	10.78	8.83	0.0	0.0
2021-06-11	07:15:14	10.94	8.83	0.025	0.0
2021-06-11	07:30:18	11.28	8.83	0.025	0.0
2021-06-11	07:45:21	11.56	8.83	0.025	0.0
2021-06-11	08:00:26	11.83	8.83	0.025	0.0
2021-06-11	08:15:30	12.39	8.83	0.076	0.0
2021-06-11	08:30:33	13.22	8.83	0.076	0.0
2021-06-11	08:45:38	14.11	8.83	0.076	0.0
2021-06-11	09:00:41	15.17	8.83	0.076	0.0
2021-06-11	09:15:45	16.11	8.83	0.305	0.0
2021-06-11	09:30:50	16.83	8.83	0.305	0.0
2021-06-11	09:45:54	17.39	8.83	0.305	0.0
2021-06-11	10:00:58	17.67	8.83	0.305	0.0
2021-06-11	10:15:02	18.06	8.83	0.66	0.0
2021-06-11	10:30:06	18.5	8.83	0.66	0.0
2021-06-11	10:45:10	18.83	8.83	0.66	0.0
2021-06-11	11:00:14	19.0	8.83	0.66	0.0
2021-06-11	11:15:17	19.0	8.83	1.041	0.0
2021-06-11	11:30:21	19.56	8.83	1.041	0.0
2021-06-11	11:45:26	20.0	8.83	1.041	0.0
2021-06-11	12:00:30	20.0	8.83	1.041	0.0
2021-06-11	12:15:36	20.89	8.83	1.524	0.0
2021-06-11	12:30:40	21.06	8.83	1.524	0.0
2021-06-11	12:45:44	21.28	8.83	1.524	0.0
2021-06-11	13:00:50	21.33	8.83	1.524	0.0
2021-06-11	13:15:54	21.56	8.83	2.057	0.0
2021-06-11	13:30:57	21.56	8.83	2.057	0.0
2021-06-11	13:45:01	21.56	8.83	2.057	0.0
2021-06-11	14:00:05	21.56	8.83	2.057	2.4
2021-06-11	14:15:09	21.56	8.83	2.235	11.001
2021-06-11	14:30:12	21.56	8.83	2.235	23.0
2021-06-11	14:45:15	21.56	8.83	2.235	26.8
2021-06-11	15:00:19	21.56	8.83	2.235	27.201
2021-06-11	15:15:23	21.56	8.83	2.261	27.399
2021-06-11	15:30:26	21.56	8.83	2.261	27.399
2021-06-11	15:45:30	21.56	8.83	2.261	27.399
2021-06-11	16:00:34	21.56	8.83	2.261	27.399
2021-06-11	16:15:38	21.56	8.83	2.286	27.399
2021-06-11	16:30:41	21.56	8.83	2.286	27.6
2021-06-11	16:45:45	21.56	8.83	2.286	27.6
2021-06-11	17:00:49	21.56	8.83	2.286	27.6
2021-06-11	17:15:53	21.56	8.83	2.311	27.6
2021-06-11	17:30:57	21.56	8.83	2.311	27.6
2021-06-11	17:45:01	21.56	8.83	2.311	27.6
2021-06-11	18:00:05	21.56	8.83	2.311	27.6
2021-06-11	18:15:08	21.56	8.83	2.311	27.6
2021-06-11	18:30:13	21.56	8.83	2.311	27.6
2021-06-11	18:45:16	21.56	8.83	2.311	27.6
2021-06-11	19:00:20	21.56	8.83	2.311	27.6
2021-06-11	19:15:24	21.56	8.83	2.311	27.6
2021-06-11	19:30:28	21.56	8.83	2.311	27.6
2021-06-11	19:45:32	21.56	8.83	2.311	27.6
2021-06-11	20:00:35	21.56	8.83	2.311	27.6
2021-06-11	20:15:39	21.56	8.83	2.311	27.6
2021-06-11	20:30:43	21.56	8.83	2.311	27.6
2021-06-11	20:45:48	21.56	8.83	2.311	27.6
2021-06-11	21:00:52	21.56	8.83	2.311	27.6
2021-06-11	21:15:57	21.56	8.83	2.311	27.6
2021-06-11	21:30:01	21.56	8.83	2.311	27.6
2021-06-11	21:45:05	21.56	8.83	2.311	27.6
2021-06-11	22:00:08	21.56	8.83	2.311	27.6
2021-06-11	22:15:12	21.56	8.83	2.311	27.8
2021-06-11	22:30:16	21.56	8.83	2.311	27.8
2021-06-11	22:45:20	21.56	8.83	2.311	27.8
2021-06-11	23:00:21	21.56	8.83	2.311	27.8
2021-06-11	23:15:22	21.56	8.83	2.311	27.8
2021-06-11	23:30:23	21.56	8.83	2.311	27.8
2021-06-12	00:30:03	9.78	9.5	0.0	0.0
2021-06-12	00:33:03	9.78	9.5	0.0	0.0
2021-06-12	00:36:03	9.78	9.5	0.0	0.0
2021-06-12	00:39:03	9.78	9.5	0.0	0.0
2021-06-12	00:41:03	9.83	9.5	0.0	0.0
2021-06-12	00:49:04	9.89	9.5	0.0	0.0
2021-06-12	01:00:03	10.06	9.5	0.0	0.0
2021-06-12	01:15:03	10.28	9.5	0.0	0.0
2021-06-12	01:30:03	10.28	9.5	0.0	0.0
2021-06-12	01:45:03	10.28	9.5	0.0	0.0
2021-06-12	02:00:03	10.28	9.5	0.0	0.0
2021-06-12	02:15:03	10.28	9.5	0.0	0.0
2021-06-12	02:30:03	10.28	9.5	0.0	0.0
2021-06-12	02:45:03	10.28	9.5	0.0	0.0
2021-06-12	03:00:03	10.28	9.5	0.0	0.0
2021-06-12	03:15:03	10.33	9.5	0.0	0.0
2021-06-12	03:30:03	10.44	9.5	0.0	0.0
2021-06-12	03:45:03	10.56	9.5	0.0	0.0
2021-06-12	04:00:03	10.56	9.5	0.0	0.0
2021-06-12	04:15:03	10.56	9.5	0.0	0.0
2021-06-12	04:30:03	10.61	9.5	0.0	0.0
2021-06-12	04:45:03	10.61	9.5	0.0	0.0
2021-06-12	05:00:03	10.61	9.5	0.0	0.0
2021-06-12	05:15:03	10.61	9.5	0.0	0.0
2021-06-12	05:30:03	10.61	9.5	0.0	0.0
2021-06-12	05:45:03	10.61	9.5	0.0	0.0
2021-06-12	06:00:03	10.72	9.5	0.0	0.0
2021-06-12	06:15:03	10.83	9.5	0.0	0.0
2021-06-12	06:30:03	10.89	9.5	0.0	0.0
2021-06-12	06:45:03	10.94	9.5	0.0	0.0
2021-06-12	07:00:03	10.94	9.5	0.0	0.0
2021-06-12	07:15:03	11.22	9.5	0.025	0.0
2021-06-12	07:30:03	11.22	9.5	0.025	0.0
2021-06-12	07:45:03	11.72	9.5	0.025	0.0
2021-06-12	08:00:03	12.83	9.5	0.025	0.0
2021-06-12	08:15:03	13.33	9.5	0.17800000000000002	0.0
2021-06-12	08:30:03	14.22	9.5	0.17800000000000002	0.0
2021-06-12	08:34:03	14.28	9.5	0.17800000000000002	0.0
2021-06-12	08:40:03	14.39	9.5	0.17800000000000002	0.0
2021-06-12	08:46:03	14.56	9.5	0.17800000000000002	0.0
2021-06-12	09:03:08	15.0	9.5	0.33	0.0
2021-06-12	09:15:03	15.39	9.5	0.33	0.0
2021-06-12	09:30:03	15.83	9.5	0.33	0.0
2021-06-12	09:45:13	16.11	9.5	0.33	0.0
2021-06-12	10:03:07	16.11	9.5	0.584	0.0
2021-06-12	10:15:04	17.11	9.5	0.584	0.0
2021-06-12	10:30:04	17.44	9.5	0.584	0.0
2021-06-12	10:45:11	18.33	9.5	0.584	0.0
2021-06-12	11:03:08	18.78	9.5	0.991	0.0
2021-06-12	11:15:08	18.78	9.5	0.991	0.0
2021-06-12	11:30:04	19.56	9.5	0.991	0.0
2021-06-12	11:45:05	19.67	9.5	0.991	0.0
2021-06-12	12:03:04	20.0	9.5	1.372	0.0
2021-06-12	12:15:09	20.0	9.5	1.3719999999999999	0.0
2021-06-12	12:30:04	20.0	9.5	1.372	0.0
2021-06-12	12:45:10	20.0	9.5	1.3719999999999999	0.0
2021-06-12	13:03:04	20.0	9.5	1.626	0.0
2021-06-12	13:15:04	20.0	9.5	1.626	0.0
2021-06-12	13:30:04	20.44	9.5	1.626	0.0
2021-06-12	13:45:04	20.67	9.5	1.626	0.0
2021-06-12	14:03:03	20.67	9.5	2.007	0.0
2021-06-12	14:15:03	20.67	9.5	2.0069999999999997	0.0
2021-06-12	14:30:04	20.67	9.5	2.007	0.0
2021-06-12	14:45:08	20.67	9.5	2.0069999999999997	0.0
2021-06-12	15:03:03	20.67	9.5	2.134	0.0
2021-06-12	15:15:03	20.67	9.5	2.134	0.0
2021-06-12	15:30:08	20.67	9.5	2.134	0.0
2021-06-12	15:45:08	20.67	9.5	2.134	0.0
2021-06-12	16:03:03	20.67	9.5	2.184	0.0
2021-06-12	16:15:08	20.67	9.5	2.184	0.0
2021-06-12	16:30:04	20.67	9.5	2.184	0.0
2021-06-12	16:45:03	20.67	9.5	2.184	0.0
2021-06-12	17:03:05	20.67	9.5	2.21	0.0
2021-06-12	17:15:03	20.67	9.5	2.21	0.201
2021-06-12	17:30:05	20.67	9.5	2.21	0.201
2021-06-12	17:45:05	20.67	9.5	2.21	0.201
2021-06-12	18:03:03	20.67	9.5	2.235	0.201
2021-06-12	18:15:05	20.67	9.5	2.235	0.201
2021-06-12	18:30:04	20.67	9.5	2.235	0.201
2021-06-12	18:45:04	20.67	9.5	2.235	0.201
2021-06-12	19:03:03	20.67	9.5	2.235	0.201
2021-06-12	19:15:03	20.67	9.5	2.235	0.201
2021-06-12	19:30:05	20.67	9.5	2.235	0.201
2021-06-12	19:45:03	20.67	9.5	2.235	0.201
2021-06-12	20:03:03	20.67	9.5	2.235	0.201
2021-06-12	20:15:04	20.67	9.5	2.235	0.201
2021-06-12	20:30:06	20.67	9.5	2.235	0.201
2021-06-12	20:45:05	20.67	9.5	2.235	0.201
2021-06-12	21:03:06	20.67	9.5	2.235	0.201
2021-06-12	21:15:03	20.67	9.5	2.235	0.39899999999999997
2021-06-12	21:30:04	20.67	9.5	2.235	0.399
2021-06-12	21:45:04	20.67	9.5	2.235	0.599
2021-06-12	22:03:03	20.67	9.5	2.235	0.599
2021-06-12	22:15:03	20.67	9.5	2.235	0.599
2021-06-12	22:30:03	20.67	9.5	2.235	0.599
2021-06-12	22:45:03	20.67	9.5	2.235	0.8
2021-06-12	23:03:03	20.67	9.5	2.235	0.8
2021-06-12	23:15:03	20.67	9.5	2.235	0.8
2021-06-12	23:30:03	20.67	9.5	2.235	0.8
2021-06-12	23:45:03	20.67	9.5	2.235	0.8
2021-06-13	20:03:03	20.67	9.94	2.108	0.0
2021-06-13	20:15:03	20.67	9.94	2.108	0.0
2021-06-13	20:30:05	20.67	9.94	2.108	0.0
2021-06-13	20:45:03	20.67	9.94	2.108	0.0
2021-06-13	21:03:03	20.67	9.94	2.108	0.0
2021-06-13	21:15:03	20.67	9.94	2.108	0.0
2021-06-13	21:30:05	20.67	9.94	2.108	0.0
2021-06-13	21:45:03	20.67	9.94	2.108	0.0
2021-06-13	22:03:03	20.67	9.94	2.108	0.0
2021-06-13	22:15:03	20.67	9.94	2.108	0.0
2021-06-13	22:30:03	20.67	9.94	2.108	0.0
2021-06-13	22:45:03	20.67	9.94	2.108	0.0
2021-06-13	23:03:05	20.67	9.94	2.108	0.0
2021-06-13	23:15:03	20.67	9.94	2.108	0.0
2021-06-13	23:30:03	20.67	9.94	2.108	0.0
2021-06-13	23:45:03	20.67	9.94	2.108	0.0
2021-06-14	00:03:03	12.28	12.22	0.0	0.0
2021-06-14	00:15:03	12.28	12.06	0.0	0.0
2021-06-14	00:30:03	12.28	11.61	0.0	0.0
2021-06-14	00:45:03	12.28	11.5	0.0	0.0
2021-06-14	01:03:03	12.28	11.28	0.0	0.0
2021-06-14	01:15:03	12.28	11.22	0.0	0.0
2021-06-14	01:30:03	12.28	11.17	0.0	0.0
2021-06-14	01:45:03	12.28	11.17	0.0	0.0
2021-06-14	02:03:03	12.28	11.06	0.0	0.0
2021-06-14	02:15:03	12.28	11.06	0.0	0.0
2021-06-14	02:30:03	12.28	11.06	0.0	0.0
2021-06-14	02:45:03	12.28	10.78	0.0	0.0
2021-06-14	03:03:03	12.28	10.56	0.0	0.0
2021-06-14	03:15:03	12.28	10.33	0.0	0.0
2021-06-14	03:30:03	12.28	10.33	0.0	0.0
2021-06-14	03:45:03	12.28	10.33	0.0	0.0
2021-06-14	04:03:03	12.28	10.33	0.0	0.0
2021-06-14	04:15:03	12.28	10.33	0.0	0.0
2021-06-14	04:30:03	12.28	10.33	0.0	0.0
2021-06-14	05:03:03	12.28	10.33	0.0	0.0
2021-06-14	05:15:03	12.28	10.33	0.0	0.0
2021-06-14	05:30:03	12.28	10.33	0.0	0.0
2021-06-14	05:45:03	12.28	10.33	0.0	0.0
2021-06-14	06:03:03	12.28	10.33	0.0	0.0
2021-06-14	06:15:03	12.28	10.33	0.0	0.0
2021-06-14	06:30:03	12.28	10.33	0.0	0.0
2021-06-14	06:45:03	12.28	10.33	0.0	0.0
2021-06-14	07:03:03	12.28	10.33	0.025	0.0
2021-06-14	07:15:03	12.28	10.33	0.025	0.0
2021-06-14	07:30:03	12.28	10.33	0.025	0.0
2021-06-14	07:45:04	12.56	10.33	0.025	0.0
2021-06-14	08:03:03	12.83	10.33	0.076	0.0
2021-06-14	08:15:03	13.11	10.33	0.076	0.0
2021-06-14	08:30:03	13.5	10.33	0.076	0.0
2021-06-14	08:45:03	14.11	10.33	0.076	0.0
2021-06-14	09:03:05	14.5	10.33	0.203	0.0
2021-06-14	09:15:03	14.67	10.33	0.203	0.0
2021-06-14	09:30:03	14.94	10.33	0.203	0.0
2021-06-14	09:45:04	15.67	10.33	0.203	0.0
2021-06-14	10:03:03	16.44	10.33	0.4320000000000001	0.0
2021-06-14	10:15:06	17.0	10.33	0.4320000000000001	0.0
2021-06-14	10:30:03	18.33	10.33	0.4320000000000001	0.0
2021-06-14	10:45:03	18.94	10.33	0.4320000000000001	0.0
2021-06-14	11:03:03	19.89	10.33	0.787	0.0
2021-06-14	11:15:03	20.17	10.33	0.787	0.0
2021-06-14	11:30:03	20.78	10.33	0.787	0.0
2021-06-14	11:45:03	21.0	10.33	0.787	0.0
2021-06-14	12:03:05	21.17	10.33	1.194	0.0
2021-06-14	12:15:03	21.22	10.33	1.194	0.0
2021-06-14	12:30:03	21.44	10.33	1.194	0.0
2021-06-14	12:45:05	21.94	10.33	1.194	0.0
2021-06-14	13:03:03	22.72	10.33	1.575	0.0
2021-06-14	13:15:03	22.83	10.33	1.575	0.0
2021-06-14	13:30:04	22.89	10.33	1.575	0.0
2021-06-14	13:45:03	23.28	10.33	1.575	0.0
2021-06-14	14:03:04	23.28	10.33	1.9809999999999999	0.0
2021-06-14	14:15:04	23.28	10.33	1.981	0.0
2021-06-14	14:30:03	23.28	10.33	1.9809999999999999	0.0
2021-06-14	14:45:05	23.28	10.33	1.981	0.0
2021-06-14	15:03:03	23.28	10.33	2.21	0.0
2021-06-14	15:15:07	23.28	10.33	2.21	0.0
2021-06-14	15:30:18	23.28	10.33	2.21	4.6
2021-06-14	15:45:07	23.28	10.33	2.21	4.6
2021-06-14	16:03:13	23.28	10.33	2.311	4.6
2021-06-14	16:15:03	23.28	10.33	2.311	4.6
2021-06-14	16:30:16	23.28	10.33	2.311	4.6
2021-06-14	16:45:03	23.28	10.33	2.311	4.6
2021-06-14	17:03:05	23.28	10.33	2.388	4.6
2021-06-14	17:15:05	23.28	10.33	2.388	4.6
2021-06-14	17:30:10	23.28	10.33	2.388	4.6
2021-06-14	17:45:03	23.28	10.33	2.388	4.6
2021-06-14	18:15:03	23.28	10.33	2.4130000000000003	4.6
2021-06-14	18:30:03	23.28	10.33	2.4130000000000003	4.6
2021-06-14	18:45:06	23.28	10.33	2.4130000000000003	4.6
2021-06-14	19:03:05	23.28	10.33	2.4130000000000003	4.6
2021-06-14	19:15:05	23.28	10.33	2.4130000000000003	4.6
2021-06-14	19:30:04	23.28	10.33	2.4130000000000003	4.6
2021-06-14	19:45:07	23.28	10.33	2.4130000000000003	4.6
2021-06-14	20:03:03	23.28	10.33	2.4130000000000003	4.6
2021-06-14	20:15:03	23.28	10.33	2.4130000000000003	4.6
2021-06-14	20:30:06	23.28	10.33	2.4130000000000003	4.6
2021-06-14	20:45:08	23.28	10.33	2.4130000000000003	4.6
2021-06-14	21:03:04	23.28	10.33	2.4130000000000003	4.6
2021-06-14	21:15:07	23.28	10.33	2.4130000000000003	4.6
2021-06-14	21:45:07	23.28	10.33	2.4130000000000003	4.6
2021-06-14	22:03:03	23.28	10.33	2.4130000000000003	4.6
2021-06-14	22:15:06	23.28	10.33	2.4130000000000003	4.6
2021-06-14	22:30:10	23.28	10.33	2.4130000000000003	4.6
2021-06-14	22:45:03	23.28	10.33	2.4130000000000003	4.6
2021-06-14	23:03:03	23.28	10.33	2.4130000000000003	4.6
2021-06-14	23:15:03	23.28	10.33	2.4130000000000003	4.6
2021-06-14	23:30:03	23.28	10.28	2.4130000000000003	4.6
2021-06-14	23:45:03	23.28	10.22	2.4130000000000003	4.6
2021-06-15	09:30:11	15.94	9.5	0.305	0.0
2021-06-15	09:45:15	16.61	9.5	0.305	0.0
2021-06-15	10:03:15	16.61	9.5	0.635	0.0
2021-06-15	10:15:07	16.72	9.5	0.635	0.0
2021-06-15	10:30:03	17.11	9.5	0.635	0.0
2021-06-15	10:45:05	17.56	9.5	0.635	0.0
2021-06-15	11:03:03	18.28	9.5	0.889	0.0
2021-06-15	11:15:03	18.61	9.5	0.889	0.0
2021-06-15	11:30:03	18.94	9.5	0.889	0.0
2021-06-15	11:45:05	19.39	9.5	0.889	0.0
2021-06-15	12:03:03	19.56	9.5	1.092	0.0
2021-06-15	12:15:04	19.61	9.5	1.092	0.0
2021-06-15	12:30:14	20.44	9.5	1.092	0.0
2021-06-15	12:45:13	21.06	9.5	1.092	0.0
2021-06-15	16:03:08	21.06	9.5	1.9809999999999999	0.8
2021-06-15	16:15:06	21.06	9.5	1.981	0.8
2021-06-15	16:30:03	21.06	9.5	1.9809999999999999	0.8
2021-06-15	16:45:03	21.06	9.5	1.981	0.8
2021-06-15	17:03:03	21.06	9.5	2.083	0.8
2021-06-15	17:15:03	21.06	9.5	2.083	0.8
2021-06-15	17:30:03	21.06	9.5	2.083	0.8
2021-06-15	17:45:05	21.06	9.5	2.083	0.8
2021-06-15	18:03:05	21.06	9.5	2.108	0.8
2021-06-15	18:30:08	21.06	9.5	2.108	0.8
2021-06-15	19:30:20	21.06	9.5	2.134	0.8
2021-06-15	20:30:04	21.06	9.5	2.1590000000000003	0.8
2021-06-15	20:45:06	21.06	9.5	2.1590000000000003	0.8
2021-06-15	21:03:04	21.06	9.5	2.184	0.8
2021-06-15	21:15:04	21.06	9.5	2.184	0.8
2021-06-15	21:45:05	21.06	9.5	2.184	0.8
2021-06-15	22:03:04	21.06	9.5	2.21	0.8
2021-06-15	22:15:03	21.06	9.5	2.21	0.8
2021-06-15	22:30:05	21.06	9.5	2.21	0.8
2021-06-15	23:03:24	21.06	9.5	2.21	0.8
2021-06-15	23:15:15	21.06	9.5	2.21	0.8
2021-06-15	23:30:12	21.06	9.44	2.21	0.8
2021-06-16	00:30:15	9.33	8.83	0.0	0.0
2021-06-16	00:45:03	9.33	8.61	0.0	0.0
2021-06-16	01:03:09	9.33	8.5	0.0	0.0
2021-06-16	01:15:03	9.33	8.28	0.0	0.0
2021-06-16	01:30:07	9.33	8.06	0.0	0.0
2021-06-16	01:45:03	9.33	7.89	0.0	0.0
2021-06-16	02:03:05	9.33	7.61	0.0	0.0
2021-06-16	02:15:06	9.33	7.39	0.0	0.0
2021-06-16	02:30:03	9.33	7.28	0.0	0.0
2021-06-16	02:45:03	9.33	6.89	0.0	0.0
2021-06-16	03:03:05	9.33	6.67	0.0	0.0
2021-06-16	03:15:03	9.33	6.67	0.0	0.0
2021-06-16	03:30:03	9.33	6.44	0.0	0.0
2021-06-16	03:45:03	9.33	6.44	0.0	0.0
2021-06-16	04:03:03	9.33	6.22	0.0	0.0
2021-06-16	04:15:12	9.33	6.22	0.0	0.0
2021-06-16	04:30:03	9.33	6.17	0.0	0.0
2021-06-16	04:45:03	9.33	5.72	0.0	0.0
2021-06-16	05:03:03	9.33	5.61	0.0	0.0
2021-06-16	05:15:03	9.33	5.61	0.0	0.0
2021-06-16	05:30:03	9.33	5.61	0.0	0.0
2021-06-16	05:45:03	9.33	5.44	0.0	0.0
2021-06-16	06:03:03	9.33	5.28	0.0	0.0
2021-06-16	06:15:03	9.33	5.28	0.0	0.0
2021-06-16	06:30:03	9.33	5.28	0.0	0.0
2021-06-16	06:45:03	9.33	5.28	0.0	0.0
2021-06-16	07:03:03	9.33	5.28	0.051	0.0
2021-06-16	07:15:03	9.33	5.28	0.051	0.0
2021-06-16	07:30:03	9.33	5.28	0.051	0.0
2021-06-16	07:45:03	9.56	5.28	0.051	0.0
2021-06-16	08:03:13	10.78	5.28	0.17800000000000002	0.0
2021-06-16	08:15:16	11.44	5.28	0.17800000000000002	0.0
2021-06-16	08:30:14	11.89	5.28	0.17800000000000002	0.0
2021-06-16	08:45:06	12.83	5.28	0.17800000000000002	0.0
2021-06-16	09:03:03	13.72	5.28	0.4320000000000001	0.0
2021-06-16	09:15:08	14.39	5.28	0.4320000000000001	0.0
2021-06-16	09:30:03	15.67	5.28	0.4320000000000001	0.0
2021-06-16	09:45:03	16.72	5.28	0.4320000000000001	0.0
2021-06-16	10:03:06	17.33	5.28	0.813	0.0
2021-06-16	10:15:03	17.44	5.28	0.813	0.0
2021-06-16	10:30:11	17.44	5.28	0.813	0.0
2021-06-16	10:45:03	17.83	5.28	0.813	0.0
2021-06-16	11:03:14	18.89	5.28	1.1179999999999999	0.0
2021-06-16	11:15:11	19.06	5.28	1.118	0.0
2021-06-16	11:30:07	19.06	5.28	1.1179999999999999	0.0
2021-06-16	11:45:18	19.06	5.28	1.118	0.0
2021-06-16	12:03:13	19.5	5.28	1.3969999999999998	0.0
2021-06-16	12:15:03	19.56	5.28	1.3969999999999998	0.0
2021-06-16	12:30:03	19.72	5.28	1.3969999999999998	0.0
2021-06-16	12:45:03	19.94	5.28	1.3969999999999998	0.0
2021-06-16	13:03:03	20.17	5.28	1.8030000000000002	0.0
2021-06-16	13:15:03	20.17	5.28	1.803	0.0
2021-06-16	13:30:03	20.17	5.28	1.8030000000000002	0.0
2021-06-16	13:45:05	20.17	5.28	1.803	0.0
2021-06-16	14:03:03	20.17	5.28	1.8030000000000002	0.0
2021-06-16	14:15:05	20.17	5.28	1.803	0.0
2021-06-16	14:30:05	20.17	5.28	1.8030000000000002	0.0
2021-06-16	14:45:03	20.17	5.28	1.803	0.0
2021-06-16	15:03:03	20.17	5.28	1.8030000000000002	0.0
2021-06-16	15:15:17	20.17	5.28	1.803	0.0
2021-06-16	15:30:15	20.17	5.28	1.8030000000000002	0.0
2021-06-16	15:45:06	20.17	5.28	1.803	0.0
2021-06-16	16:03:03	20.17	5.28	1.8030000000000002	0.0
2021-06-16	16:15:05	20.17	5.28	1.803	0.0
2021-06-16	16:30:03	20.17	5.28	1.8030000000000002	0.0
2021-06-16	16:45:03	20.17	5.28	1.803	0.0
2021-06-16	17:15:08	20.17	5.28	1.8030000000000002	0.0
2021-06-16	17:30:05	20.17	5.28	1.803	0.0
2021-06-16	17:45:03	20.17	5.28	1.8030000000000002	0.0
2021-06-16	18:03:08	20.17	5.28	1.803	0.0
2021-06-16	18:15:08	20.17	5.28	1.8030000000000002	0.0
2021-06-16	18:30:03	20.17	5.28	1.803	0.0
2021-06-16	18:45:03	20.17	5.28	1.8030000000000002	0.0
2021-06-16	19:15:08	20.17	5.28	1.803	0.0
2021-06-16	19:30:13	20.17	5.28	1.8030000000000002	0.0
2021-06-16	19:45:04	20.17	5.28	1.803	0.0
2021-06-16	20:03:03	20.17	5.28	1.8030000000000002	0.0
2021-06-16	20:15:03	20.17	5.28	1.803	0.0
2021-06-16	20:30:03	20.17	5.28	1.8030000000000002	0.0
2021-06-16	20:45:03	20.17	5.28	1.803	0.0
2021-06-16	21:03:10	20.17	5.28	1.8030000000000002	0.0
2021-06-16	21:15:03	20.17	5.28	1.803	0.0
2021-06-16	21:30:03	20.17	5.28	1.8030000000000002	0.0
2021-06-16	21:45:03	20.17	5.28	1.803	0.0
2021-06-16	22:03:03	20.17	5.28	1.8030000000000002	0.0
2021-06-16	22:15:03	20.17	5.28	1.803	0.0
2021-06-16	22:30:03	20.17	5.28	1.8030000000000002	0.0
2021-06-16	22:45:03	20.17	5.28	1.803	0.0
2021-06-16	23:03:03	20.17	5.28	1.8030000000000002	0.0
2021-06-16	23:15:03	20.17	5.28	1.803	0.0
2021-06-16	23:30:03	20.17	5.28	1.8030000000000002	0.0
2021-06-16	23:45:03	20.17	5.28	1.803	0.0
2021-06-17	00:15:03	20.17	5.28	1.8030000000000002	0.0
2021-06-17	00:30:09	20.17	5.28	1.803	0.0
2021-06-17	00:45:03	20.17	5.28	1.8030000000000002	0.0
2021-06-17	01:03:03	20.17	5.28	1.803	0.0
2021-06-17	01:15:03	20.17	5.28	1.8030000000000002	0.0
2021-06-17	01:30:03	20.17	5.28	1.803	0.0
2021-06-17	01:45:03	20.17	5.28	1.8030000000000002	0.0
2021-06-17	02:03:03	20.17	5.28	1.803	0.0
2021-06-17	02:15:03	20.17	5.28	1.8030000000000002	0.0
2021-06-17	02:30:03	20.17	5.28	1.803	0.0
2021-06-17	02:45:03	20.17	5.28	1.8030000000000002	0.0
2021-06-17	03:03:03	20.17	5.28	1.803	0.0
2021-06-17	03:15:03	20.17	5.28	1.8030000000000002	0.0
2021-06-17	03:30:03	20.17	5.28	1.803	0.0
2021-06-17	03:45:03	20.17	5.28	1.8030000000000002	0.0
2021-06-17	04:03:03	20.17	5.28	1.803	0.0
2021-06-17	04:15:03	20.17	5.28	1.8030000000000002	0.0
2021-06-17	04:30:03	20.17	5.28	1.803	0.0
2021-06-17	04:45:03	20.17	5.28	1.8030000000000002	0.0
2021-06-17	05:03:03	20.17	5.28	1.803	0.0
2021-06-17	05:15:03	20.17	5.28	1.8030000000000002	0.0
2021-06-17	05:30:03	20.17	5.28	1.803	0.0
2021-06-17	05:45:03	20.17	5.28	1.8030000000000002	0.0
2021-06-17	06:03:03	20.17	5.28	1.803	0.0
2021-06-17	06:15:03	20.17	5.28	1.8030000000000002	0.0
2021-06-17	06:30:03	20.17	5.28	1.803	0.0
2021-06-17	06:45:03	20.17	5.28	1.8030000000000002	0.0
2021-06-17	07:03:03	20.17	5.28	1.803	0.0
2021-06-17	07:15:03	20.17	5.28	1.8030000000000002	0.0
2021-06-17	07:30:03	20.17	5.28	1.803	0.0
2021-06-17	07:45:03	20.17	5.28	1.8030000000000002	0.0
2021-06-17	08:03:05	20.17	5.28	1.803	0.0
2021-06-17	08:15:04	20.17	5.28	1.8030000000000002	0.0
2021-06-17	08:30:12	20.17	5.28	1.803	0.0
2021-06-17	08:45:04	20.17	5.28	1.8030000000000002	0.0
2021-06-17	09:03:03	20.17	5.28	1.803	0.0
2021-06-17	09:15:03	20.17	5.28	1.8030000000000002	0.0
2021-06-17	09:30:05	20.17	5.28	1.803	0.0
2021-06-17	09:45:03	20.17	5.28	1.8030000000000002	0.0
2021-06-17	10:03:05	20.17	5.28	1.803	0.0
2021-06-17	10:15:08	20.17	5.28	1.8030000000000002	0.0
2021-06-17	10:30:03	20.17	5.28	1.803	0.0
2021-06-17	10:45:04	20.17	5.28	1.8030000000000002	0.0
2021-06-17	11:03:05	20.17	5.28	1.803	0.0
2021-06-17	11:15:05	20.17	5.28	1.8030000000000002	0.0
2021-06-17	11:30:03	20.17	5.28	1.803	0.0
2021-06-17	11:45:03	20.17	5.28	1.8030000000000002	0.0
2021-06-17	12:15:03	20.17	5.28	1.803	0.0
2021-06-17	12:30:06	20.17	5.28	1.8030000000000002	0.0
2021-06-18	10:30:12	20.17	5.28	1.803	0.0
2021-06-18	10:45:03	20.17	5.28	1.8030000000000002	0.0
2021-06-18	11:03:03	20.17	5.28	1.803	0.0
2021-06-18	11:15:05	20.17	5.28	1.8030000000000002	0.0
2021-06-18	11:30:04	19.22	6.94	1.016	0.0
2021-06-18	14:58:39	19.61	6.94	1.905	0.0
2021-06-18	17:03:19	19.94	6.94	2.642	0.0
2021-06-18	17:39:32	19.94	6.94	2.642	0.0
2021-06-18	19:16:02	19.94	6.94	2.718	0.0
2021-06-18	19:45:19	19.94	6.94	2.718	0.0
2021-06-18	20:00:19	19.94	6.94	2.718	0.0
2021-06-18	20:15:21	19.94	6.94	2.7430000000000003	0.0
2021-06-18	20:30:19	19.94	6.94	2.7430000000000003	0.0
2021-06-18	20:45:21	19.94	6.94	2.7430000000000003	0.0
2021-06-18	21:00:20	19.94	6.94	2.7430000000000003	0.0
2021-06-18	21:15:19	19.94	6.94	2.7689999999999997	0.0
2021-06-18	21:30:19	19.94	6.94	2.769	0.201
2021-06-18	21:45:19	19.94	6.94	2.7689999999999997	0.599
2021-06-18	22:00:19	19.94	6.94	2.769	1.199
2021-06-18	22:15:19	19.94	6.94	2.7939999999999996	1.999
2021-06-18	22:30:19	19.94	6.94	2.794	2.4
2021-06-18	22:45:19	19.94	6.94	2.7939999999999996	2.6010000000000004
2021-06-18	23:00:19	19.94	6.94	2.794	3.2
2021-06-18	23:15:19	19.94	6.94	2.7939999999999996	3.2
2021-06-18	23:30:19	19.94	6.94	2.794	3.401
2021-06-18	23:45:19	19.94	6.94	2.7939999999999996	3.4010000000000002
2021-06-19	00:00:19	19.94	6.94	2.794	3.401
2021-06-19	00:15:19	11.83	11.72	0.0	0.0
2021-06-19	00:30:19	11.83	11.61	0.0	0.0
2021-06-19	00:45:19	11.83	11.39	0.0	0.0
2021-06-19	01:00:19	11.83	11.11	0.0	0.0
2021-06-19	01:15:19	11.83	10.83	0.0	0.0
2021-06-19	01:30:19	11.83	10.56	0.0	0.0
2021-06-19	01:45:19	11.83	10.22	0.0	0.0
2021-06-19	02:00:19	11.83	10.06	0.0	0.0
2021-06-19	02:15:19	11.83	9.89	0.0	0.0
2021-06-19	02:30:19	11.83	9.67	0.0	0.0
2021-06-19	02:45:19	11.83	9.44	0.0	0.0
2021-06-19	03:00:19	11.83	9.44	0.0	0.0
2021-06-19	03:15:20	11.83	9.44	0.0	0.0
2021-06-19	03:30:19	11.83	9.44	0.0	0.0
2021-06-19	03:45:19	11.83	9.44	0.0	0.0
2021-06-19	04:00:19	11.83	9.44	0.0	0.0
2021-06-19	04:15:19	11.83	9.44	0.0	0.0
2021-06-19	04:30:19	11.83	9.44	0.0	0.0
2021-06-19	04:45:19	11.83	9.44	0.0	0.0
2021-06-19	05:00:25	11.83	9.44	0.0	0.0
2021-06-19	05:15:19	11.83	9.44	0.0	0.0
2021-06-19	05:45:19	11.83	9.44	0.0	0.0
2021-06-19	06:00:19	11.83	9.44	0.0	0.0
2021-06-19	06:15:19	11.83	9.44	0.0	0.0
2021-06-19	06:30:19	11.83	9.44	0.0	0.0
2021-06-19	06:45:19	11.83	9.44	0.0	0.0
2021-06-19	07:00:19	11.83	9.44	0.0	0.0
2021-06-19	07:15:19	11.83	9.44	0.025	0.0
2021-06-19	07:30:24	11.83	9.44	0.025	0.0
2021-06-19	07:45:19	11.83	9.44	0.025	0.0
2021-06-19	08:00:19	11.83	9.44	0.025	0.0
2021-06-19	08:15:19	12.44	9.44	0.102	0.0
2021-06-19	08:30:19	12.67	9.44	0.102	0.0
2021-06-19	08:45:19	13.83	9.44	0.102	0.0
2021-06-19	09:00:19	14.72	9.44	0.102	0.0
2021-06-19	09:15:19	15.28	9.44	0.33	0.0
2021-06-19	09:30:19	15.67	9.44	0.33	0.0
2021-06-19	09:45:23	17.0	9.44	0.33	0.0
2021-06-19	10:00:22	17.72	9.44	0.33	0.0
2021-06-19	10:15:22	17.89	9.44	0.61	0.0
2021-06-19	10:30:31	18.17	9.44	0.61	0.0
2021-06-19	10:45:51	18.56	9.44	0.61	0.0
2021-06-19	11:00:22	18.78	9.44	0.61	0.0
2021-06-19	11:15:22	18.78	9.44	0.889	0.0
2021-06-19	11:30:22	18.83	9.44	0.889	0.0
2021-06-19	11:45:22	19.17	9.44	0.889	0.0
2021-06-19	12:00:23	19.17	9.44	0.889	0.0
2021-06-19	12:15:28	19.28	9.44	1.27	0.0
2021-06-19	12:30:23	19.44	9.44	1.27	0.0
2021-06-19	12:45:51	19.44	9.44	1.27	0.0
2021-06-19	13:00:45	19.44	9.44	1.27	0.0
2021-06-19	13:15:23	19.5	9.44	1.676	0.0
2021-06-19	13:30:22	19.61	9.44	1.676	0.0
2021-06-19	13:45:22	19.61	9.44	1.676	0.0
2021-06-19	14:00:22	19.61	9.44	1.676	0.0
2021-06-19	14:15:27	20.5	9.44	2.108	0.0
2021-06-19	14:30:31	20.56	9.44	2.108	0.0
2021-06-19	14:45:23	20.56	9.44	2.108	0.0
2021-06-19	15:15:34	20.56	9.44	2.489	0.0
2021-06-19	16:15:29	20.56	9.44	2.819	0.0
2021-06-19	16:30:23	20.56	9.44	2.819	0.0
2021-06-19	16:35:09	20.56	9.44	2.819	0.0
2021-06-19	16:45:22	20.56	9.44	2.819	0.0
2021-06-19	17:00:28	20.56	9.44	2.819	0.0
2021-06-19	17:15:22	20.56	9.44	3.048	0.0
2021-06-19	17:30:22	20.56	9.44	3.048	0.0
2021-06-19	17:45:22	20.56	9.44	3.048	0.0
2021-06-19	18:00:24	20.56	9.44	3.048	0.0
2021-06-19	18:15:22	20.56	9.44	3.1239999999999997	0.0
2021-06-19	18:30:22	20.56	9.44	3.124	0.0
2021-06-19	18:45:55	20.56	9.44	3.1239999999999997	0.0
2021-06-19	19:00:23	20.56	9.44	3.124	0.0
2021-06-19	19:15:33	20.56	9.44	3.15	0.0
2021-06-19	19:30:23	20.56	9.44	3.15	0.0
2021-06-19	19:45:29	20.56	9.44	3.15	0.0
2021-06-19	20:00:32	20.56	9.44	3.15	0.0
2021-06-19	20:15:27	20.56	9.44	3.2	0.0
2021-06-19	20:30:22	20.56	9.44	3.2	0.0
2021-06-19	20:45:27	20.56	9.44	3.2	0.0
2021-06-19	21:00:24	20.56	9.44	3.2	0.0
2021-06-19	21:15:22	20.56	9.44	3.2260000000000004	0.0
2021-06-19	21:30:22	20.56	9.44	3.2260000000000004	0.0
2021-06-19	21:45:27	20.56	9.44	3.2260000000000004	0.0
2021-06-19	22:00:22	20.56	9.44	3.2260000000000004	0.0
2021-06-19	22:15:21	20.56	9.44	3.2510000000000003	0.0
2021-06-19	22:30:22	20.56	9.44	3.2510000000000003	0.0
2021-06-19	22:45:22	20.56	9.44	3.2510000000000003	0.0
2021-06-19	23:00:27	20.56	9.44	3.2510000000000003	0.0
2021-06-19	23:15:22	20.56	9.44	3.2769999999999997	0.0
2021-06-19	23:30:22	20.56	9.44	3.277	0.0
2021-06-19	23:45:22	20.56	9.44	3.2769999999999997	0.0
2021-06-20	00:00:27	20.56	9.44	3.277	0.0
2021-06-20	00:15:22	13.28	13.06	0.0	0.0
2021-06-20	00:30:22	13.28	12.67	0.0	0.0
2021-06-20	00:45:22	13.28	12.39	0.0	0.0
2021-06-20	01:00:22	13.28	12.17	0.0	0.0
2021-06-20	01:15:22	13.28	12.11	0.0	0.0
2021-06-20	01:30:22	13.28	12.11	0.0	0.0
2021-06-20	01:45:22	13.28	12.11	0.0	0.0
2021-06-20	02:00:22	13.28	12.11	0.0	0.0
2021-06-20	02:15:22	13.28	12.11	0.0	0.0
2021-06-20	02:30:27	13.28	12.11	0.0	0.0
2021-06-20	02:45:22	13.28	12.11	0.0	0.0
2021-06-20	03:00:22	13.28	12.11	0.0	0.0
2021-06-20	03:15:22	13.28	12.06	0.0	0.0
2021-06-20	03:30:22	13.28	12.0	0.0	0.0
2021-06-20	03:45:22	13.28	11.89	0.0	0.0
2021-06-20	04:00:22	13.28	11.72	0.0	0.0
2021-06-20	04:15:22	13.28	11.56	0.0	0.0
2021-06-20	04:30:22	13.28	11.39	0.0	0.0
2021-06-20	04:45:22	13.28	11.22	0.0	0.0
2021-06-20	05:00:22	13.28	11.17	0.0	0.0
2021-06-20	05:15:22	13.28	11.06	0.0	0.0
2021-06-20	05:30:22	13.28	11.06	0.0	0.0
2021-06-20	05:45:21	13.28	11.06	0.0	0.0
2021-06-20	06:00:22	13.28	11.06	0.0	0.0
2021-06-20	06:15:24	13.28	11.06	0.0	0.0
2021-06-20	06:30:25	13.28	11.06	0.0	0.0
2021-06-20	06:45:22	13.28	11.06	0.0	0.0
2021-06-20	07:00:22	13.28	11.06	0.0	0.0
2021-06-20	07:30:22	13.28	11.06	0.025	0.0
2021-06-20	07:45:22	13.28	11.06	0.025	0.0
2021-06-20	08:00:22	13.78	11.06	0.025	0.0
2021-06-20	08:15:23	13.94	11.06	0.102	0.0
2021-06-20	08:30:22	14.39	11.06	0.102	0.0
2021-06-20	08:45:22	16.0	11.06	0.102	0.0
2021-06-20	09:00:23	16.67	11.06	0.102	0.0
2021-06-20	09:15:22	17.06	11.06	0.203	0.0
2021-06-20	09:30:22	17.72	11.06	0.203	0.0
2021-06-20	09:45:36	18.5	11.06	0.203	0.0
2021-06-20	10:00:26	19.0	11.06	0.203	0.0
2021-06-20	10:45:58	19.39	11.06	0.584	0.0
2021-06-20	11:00:26	19.44	11.06	0.584	0.0
2021-06-20	11:15:49	19.56	11.06	1.092	0.0
2021-06-20	11:30:20	19.61	11.06	1.092	0.0
2021-06-20	12:00:22	19.67	11.06	1.092	0.0
2021-06-20	12:15:21	19.89	11.06	1.422	0.0
2021-06-20	12:30:21	20.0	11.06	1.422	0.0
2021-06-20	12:45:20	20.06	11.06	1.422	0.0
2021-06-20	13:00:20	20.06	11.06	1.422	0.0
2021-06-20	13:15:20	20.06	11.06	1.829	0.0
2021-06-20	13:30:24	20.06	11.06	1.829	0.0
2021-06-20	13:45:22	20.06	11.06	1.829	0.0
2021-06-20	21:30:24	20.06	11.06	2.261	3.599
2021-06-20	21:45:21	20.06	11.06	2.261	3.5989999999999998
2021-06-20	22:00:25	20.06	10.94	2.261	3.599
2021-06-20	22:15:22	20.06	10.94	2.261	3.5989999999999998
2021-06-20	22:30:25	20.06	10.94	2.261	3.599
2021-06-20	22:45:20	20.06	10.89	2.261	3.5989999999999998
2021-06-20	23:00:20	20.06	10.89	2.261	3.599
2021-06-20	23:15:20	20.06	10.89	2.261	3.5989999999999998
2021-06-20	23:30:20	20.06	10.67	2.261	3.599
2021-06-20	23:45:20	20.06	10.56	2.261	3.5989999999999998
2021-06-21	00:00:20	20.06	10.5	2.261	3.599
2021-06-21	00:15:25	11.44	10.78	0.0	0.0
2021-06-21	00:30:20	13.28	10.78	0.0	0.0
2021-06-21	00:45:21	13.72	10.78	0.0	0.0
2021-06-21	01:00:20	13.72	10.78	0.0	0.0
2021-06-21	01:15:20	13.78	10.78	0.025	0.0
2021-06-21	01:30:20	13.94	10.78	0.025	0.0
2021-06-21	01:45:20	13.94	10.78	0.025	0.0
2021-06-21	02:00:20	13.94	10.78	0.025	0.0
2021-06-21	02:15:20	13.94	10.78	0.051	0.0
2021-06-21	02:30:20	13.94	10.78	0.051	0.0
2021-06-21	02:45:20	13.94	10.78	0.051	0.0
2021-06-21	03:00:20	13.94	10.78	0.051	0.0
2021-06-21	03:15:21	13.94	10.78	0.076	0.0
2021-06-21	03:30:21	13.94	10.78	0.076	0.0
2021-06-21	03:45:20	13.94	10.78	0.076	0.0
2021-06-21	04:00:20	13.94	10.78	0.076	0.0
2021-06-21	04:30:20	13.94	10.78	0.102	0.0
2021-06-21	04:45:20	13.94	10.78	0.102	0.0
2021-06-21	05:00:20	13.94	10.78	0.102	0.0
2021-06-21	05:15:21	13.94	10.78	0.127	0.0
2021-06-21	05:45:21	13.94	10.72	0.127	0.0
2021-06-21	06:00:20	13.94	10.28	0.127	0.0
2021-06-21	06:15:21	13.94	9.94	0.127	0.0
2021-06-21	06:30:20	13.94	9.83	0.127	0.0
2021-06-21	06:45:20	13.94	9.83	0.127	0.0
2021-06-21	07:00:20	13.94	9.83	0.127	0.0
2021-06-21	07:15:20	13.94	9.83	0.152	0.0
2021-06-21	07:30:20	13.94	9.83	0.152	0.0
2021-06-21	07:45:27	13.94	9.83	0.152	0.0
2021-06-21	08:00:20	13.94	9.83	0.152	0.0
2021-06-21	08:15:20	13.94	9.83	0.254	0.0
2021-06-21	08:45:20	14.22	9.83	0.254	0.0
2021-06-21	09:30:20	16.17	9.83	0.381	0.0
2021-06-21	09:45:20	17.17	9.83	0.381	0.0
2021-06-21	10:00:20	17.61	9.83	0.381	0.0
2021-06-21	10:15:21	17.61	9.83	0.635	0.0
2021-06-21	10:30:20	17.61	9.83	0.635	0.0
2021-06-21	10:45:25	17.61	9.83	0.635	0.0
2021-06-21	11:00:20	18.17	9.83	0.635	0.0
2021-06-21	11:15:21	19.06	9.83	0.991	0.0
2021-06-21	11:30:25	19.22	9.83	0.991	0.0
2021-06-21	11:45:21	19.61	9.83	0.991	0.0
2021-06-21	12:00:22	19.83	9.83	0.991	0.0
2021-06-21	12:15:20	19.83	9.83	1.5490000000000002	0.0
2021-06-21	12:30:25	19.83	9.83	1.5490000000000002	0.0
2021-06-21	12:45:21	19.83	9.83	1.5490000000000002	0.0
2021-06-21	13:00:20	19.83	9.83	1.5490000000000002	0.0
2021-06-21	13:15:20	19.83	9.83	2.057	0.0
2021-06-21	13:30:25	19.83	9.83	2.057	0.0
2021-06-21	13:45:20	20.0	9.83	2.057	0.0
2021-06-21	14:00:20	20.06	9.83	2.057	0.0
2021-06-21	14:15:21	20.06	9.83	2.565	0.0
2021-06-21	14:45:20	20.06	9.83	2.565	0.0
2021-06-21	15:00:20	20.06	9.83	2.565	0.0
2021-06-21	15:15:22	20.06	9.83	2.7939999999999996	0.0
2021-06-21	15:30:25	20.11	9.83	2.794	0.0
2021-06-21	15:45:20	20.28	9.83	2.7939999999999996	0.0
2021-06-21	16:00:22	20.28	9.83	2.794	0.0
2021-06-21	16:15:21	20.28	9.83	3.048	0.0
2021-06-21	16:30:20	20.28	9.83	3.048	0.0
2021-06-21	16:45:20	20.28	9.83	3.048	0.0
2021-06-21	17:00:22	20.28	9.83	3.048	0.0
2021-06-21	17:15:22	20.28	9.83	3.2510000000000003	0.0
2021-06-21	17:30:20	20.28	9.83	3.2510000000000003	0.0
2021-06-21	17:45:20	20.28	9.83	3.2510000000000003	0.0
2021-06-21	18:00:25	20.28	9.83	3.2510000000000003	0.0
2021-06-21	18:15:20	20.28	9.83	3.302	0.0
2021-06-21	18:30:25	20.28	9.83	3.302	0.0
2021-06-21	18:45:20	20.28	9.83	3.302	0.0
2021-06-21	19:00:20	20.28	9.83	3.302	0.0
2021-06-21	19:15:20	20.28	9.83	3.327	0.0
2021-06-21	19:30:20	20.28	9.83	3.327	0.0
2021-06-21	19:45:26	20.28	9.83	3.327	0.0
2021-06-21	20:00:26	20.28	9.83	3.327	0.0
2021-06-21	20:15:26	20.28	9.83	3.353	0.0
2021-06-21	20:30:25	20.28	9.83	3.353	0.0
2021-06-21	20:45:27	20.28	9.83	3.353	0.0
2021-06-21	21:00:25	20.28	9.83	3.353	0.0
2021-06-21	21:15:20	20.28	9.83	3.378	0.0
2021-06-21	21:30:29	20.28	9.83	3.378	0.0
2021-06-21	21:45:20	20.28	9.83	3.378	0.0
2021-06-21	22:00:25	20.28	9.83	3.378	0.201
2021-06-21	22:15:20	20.28	9.83	3.404	0.201
2021-06-21	22:30:20	20.28	9.83	3.404	0.201
2021-06-21	22:45:20	20.28	9.83	3.404	0.201
2021-06-21	23:00:20	20.28	9.83	3.404	0.201
2021-06-21	23:15:20	20.28	9.83	3.404	0.201
2021-06-21	23:30:21	20.28	9.83	3.404	0.201
2021-06-21	23:45:21	20.28	9.83	3.404	0.201
2021-06-22	00:00:20	20.28	9.83	3.404	0.399
2021-06-22	00:15:21	11.94	11.61	0.0	0.0
2021-06-22	00:30:21	11.94	11.39	0.0	0.0
2021-06-22	00:45:20	11.94	11.33	0.0	0.0
2021-06-22	01:00:20	11.94	11.22	0.0	0.0
2021-06-22	01:15:20	11.94	10.83	0.0	0.0
2021-06-22	01:30:20	11.94	10.67	0.0	0.0
2021-06-22	01:45:20	11.94	10.61	0.0	0.0
2021-06-22	02:00:20	11.94	10.61	0.0	0.0
2021-06-22	02:15:20	11.94	10.61	0.0	0.0
2021-06-22	02:30:20	11.94	10.61	0.0	0.0
2021-06-22	02:45:20	11.94	10.56	0.0	0.0
2021-06-22	03:00:20	11.94	10.5	0.0	0.0
2021-06-22	03:15:20	11.94	10.28	0.0	0.0
2021-06-22	03:30:20	11.94	9.94	0.0	0.0
2021-06-22	03:45:20	11.94	9.5	0.0	0.0
2021-06-22	04:00:20	11.94	9.44	0.0	0.0
2021-06-22	04:15:20	11.94	9.17	0.0	0.0
2021-06-22	04:30:25	11.94	9.11	0.0	0.0
2021-06-22	04:45:25	11.94	8.78	0.0	0.0
2021-06-22	05:00:20	11.94	8.61	0.0	0.0
2021-06-22	05:15:20	11.94	8.61	0.0	0.0
2021-06-22	05:30:20	11.94	8.61	0.0	0.0
2021-06-22	05:45:20	11.94	8.61	0.0	0.201
2021-06-22	06:00:25	11.94	8.61	0.0	0.201
2021-06-22	06:15:20	11.94	8.61	0.0	0.201
2021-06-22	06:30:20	11.94	8.61	0.0	0.201
2021-06-22	06:45:21	11.94	8.61	0.0	0.201
2021-06-22	07:00:20	11.94	8.61	0.0	0.201
2021-06-22	07:15:20	11.94	8.61	0.025	0.201
2021-06-22	07:30:20	11.94	8.61	0.025	0.201
2021-06-22	07:45:21	11.94	8.61	0.025	0.201
2021-06-22	08:00:20	11.94	8.61	0.025	0.201
2021-06-22	08:15:20	12.06	8.61	0.102	0.201
2021-06-22	08:30:22	12.33	8.61	0.102	0.201
2021-06-22	08:45:20	12.61	8.61	0.102	0.201
2021-06-22	09:00:25	13.0	8.61	0.102	0.201
2021-06-22	09:15:20	13.11	8.61	0.203	0.201
2021-06-22	09:30:20	13.39	8.61	0.203	0.201
2021-06-22	09:45:20	14.0	8.61	0.203	0.201
2021-06-22	10:00:24	15.06	8.61	0.203	0.201
2021-06-22	10:15:20	15.61	8.61	0.381	0.201
2021-06-22	10:30:20	16.17	8.61	0.381	0.201
2021-06-22	10:45:25	16.44	8.61	0.381	0.201
2021-06-22	11:00:20	16.83	8.61	0.381	0.201
2021-06-22	11:30:20	17.44	8.61	0.66	0.201
2021-06-22	11:45:21	18.33	8.61	0.66	0.201
2021-06-22	12:00:21	19.39	8.61	0.66	0.201
2021-06-22	12:15:20	19.5	8.61	1.041	0.201
2021-06-22	12:30:25	19.5	8.61	1.041	0.201
2021-06-22	12:45:20	19.56	8.61	1.041	0.201
2021-06-22	13:00:20	19.56	8.61	1.041	0.201
2021-06-22	13:15:25	19.56	8.61	1.3969999999999998	0.201
2021-06-22	13:30:26	19.56	8.61	1.3969999999999998	0.201
2021-06-22	13:45:25	19.56	8.61	1.3969999999999998	0.201
2021-06-22	14:00:20	19.56	8.61	1.3969999999999998	0.201
2021-06-22	14:30:20	20.0	8.61	1.702	0.201
2021-06-22	15:00:22	20.0	8.61	1.702	0.201
2021-06-22	15:15:20	21.06	8.61	2.057	0.201
2021-06-22	15:30:21	21.06	8.61	2.057	0.201
2021-06-22	15:45:20	21.06	8.61	2.057	0.201
2021-06-22	16:00:20	21.06	8.61	2.057	0.201
2021-06-22	16:15:20	21.06	8.61	2.261	0.201
2021-06-22	16:30:20	21.06	8.61	2.261	0.201
2021-06-22	16:45:21	21.06	8.61	2.261	0.201
2021-06-22	17:00:20	21.06	8.61	2.261	0.201
2021-06-22	17:15:20	21.06	8.61	2.4130000000000003	0.201
2021-06-22	17:30:20	21.06	8.61	2.4130000000000003	0.201
2021-06-22	17:45:20	21.06	8.61	2.4130000000000003	0.201
2021-06-22	18:00:21	21.06	8.61	2.4130000000000003	0.201
2021-06-22	18:15:21	21.06	8.61	2.438	0.201
2021-06-22	18:30:21	21.06	8.61	2.438	0.201
2021-06-22	18:45:22	21.06	8.61	2.438	0.201
2021-06-22	19:00:21	21.06	8.61	2.438	0.201
2021-06-22	19:15:20	21.06	8.61	2.464	0.201
2021-06-22	19:30:20	21.06	8.61	2.464	0.201
2021-06-22	19:45:22	21.06	8.61	2.464	0.201
2021-06-22	20:00:20	21.06	8.61	2.464	0.201
2021-06-22	20:15:24	21.06	8.61	2.489	0.201
2021-06-22	20:30:22	21.06	8.61	2.489	0.201
2021-06-22	20:45:21	21.06	8.61	2.489	0.201
2021-06-22	21:00:21	21.06	8.61	2.489	0.201
2021-06-22	21:15:20	21.06	8.61	2.515	0.201
2021-06-22	21:30:20	21.06	8.61	2.515	0.201
2021-06-22	21:45:20	21.06	8.61	2.515	0.201
2021-06-22	22:00:20	21.06	8.61	2.515	0.201
2021-06-22	22:15:20	21.06	8.61	2.54	0.201
2021-06-22	22:30:20	21.06	8.61	2.54	0.201
2021-06-22	22:45:20	21.06	8.61	2.54	0.201
2021-06-22	23:00:20	21.06	8.61	2.54	0.201
2021-06-22	23:15:20	21.06	8.61	2.54	0.201
2021-06-22	23:30:20	21.06	8.61	2.54	0.201
2021-06-22	23:45:20	21.06	8.61	2.54	0.201
2021-06-23	00:00:20	21.06	8.61	2.54	0.201
2021-06-23	00:15:20	11.06	10.94	0.0	0.0
2021-06-23	00:30:20	11.06	10.89	0.0	0.0
2021-06-23	00:45:20	11.06	10.89	0.0	0.0
2021-06-23	01:00:20	11.06	10.89	0.0	0.0
2021-06-23	01:15:20	11.06	10.89	0.0	0.0
2021-06-23	01:30:20	11.06	10.89	0.0	0.0
2021-06-23	01:45:20	11.06	10.89	0.0	0.0
2021-06-23	02:00:20	11.06	10.89	0.0	0.0
2021-06-23	02:15:20	11.06	10.83	0.0	0.0
2021-06-23	02:30:20	11.06	10.67	0.0	0.0
2021-06-23	02:45:20	11.06	10.56	0.0	0.0
2021-06-23	03:00:20	11.06	10.39	0.0	0.0
2021-06-23	03:15:20	11.06	10.17	0.0	0.0
2021-06-23	03:30:20	11.06	10.11	0.0	0.0
2021-06-23	03:45:20	11.06	10.06	0.0	0.0
2021-06-23	04:00:20	11.06	10.06	0.0	0.0
2021-06-23	04:15:20	11.06	10.06	0.0	0.0
2021-06-23	04:30:20	11.06	10.06	0.0	0.0
2021-06-23	04:45:20	11.06	9.94	0.0	0.0
2021-06-23	05:00:20	11.06	9.89	0.0	0.0
2021-06-23	05:15:20	11.06	9.72	0.0	0.0
2021-06-23	05:30:20	11.06	9.44	0.0	0.0
2021-06-23	05:45:20	11.06	9.28	0.0	0.0
2021-06-23	06:00:20	11.06	9.11	0.0	0.0
2021-06-23	06:15:21	11.06	9.0	0.0	0.0
2021-06-23	06:30:20	11.06	8.94	0.0	0.0
2021-06-23	06:45:20	11.06	8.94	0.0	0.0
2021-06-23	07:00:20	11.06	8.94	0.0	0.0
2021-06-23	07:15:20	11.06	8.94	0.025	0.0
2021-06-23	07:30:20	11.06	8.94	0.025	0.0
2021-06-23	07:45:20	11.22	8.94	0.025	0.0
2021-06-23	08:00:20	11.72	8.94	0.025	0.0
2021-06-23	08:15:21	12.0	8.94	0.076	0.0
2021-06-23	08:30:21	12.28	8.94	0.076	0.0
2021-06-23	08:45:20	12.72	8.94	0.076	0.0
2021-06-23	09:00:20	13.22	8.94	0.076	0.0
2021-06-23	09:15:22	13.83	8.94	0.203	0.0
2021-06-23	09:30:21	14.78	8.94	0.203	0.0
2021-06-23	10:00:21	16.5	8.94	0.203	0.0
2021-06-23	10:15:20	17.33	8.94	0.5589999999999999	0.0
2021-06-23	10:30:20	17.33	8.94	0.5589999999999999	0.0
2021-06-23	10:45:22	18.17	8.94	0.5589999999999999	0.0
2021-06-23	11:00:21	18.83	8.94	0.5589999999999999	0.0
2021-06-23	11:15:21	19.33	8.94	0.965	0.0
2021-06-23	11:30:20	20.06	8.94	0.965	0.0
2021-06-23	11:45:21	20.06	8.94	0.965	0.0
2021-06-23	12:00:22	21.06	8.94	0.965	0.0
2021-06-23	12:15:21	21.06	8.94	1.3969999999999998	0.0
2021-06-23	12:30:29	21.06	8.94	1.3969999999999998	0.0
2021-06-23	12:45:21	21.06	8.94	1.3969999999999998	0.0
2021-06-23	13:00:23	21.06	8.94	1.3969999999999998	0.0
2021-06-23	13:15:21	21.39	8.94	1.7269999999999999	0.0
2021-06-23	13:30:20	21.39	8.94	1.727	0.0
2021-06-23	13:45:20	21.5	8.94	1.7269999999999999	0.0
2021-06-23	14:00:21	21.5	8.94	1.727	0.0
2021-06-23	14:15:21	21.94	8.94	2.0069999999999997	0.0
2021-06-23	14:30:21	21.94	8.94	2.007	0.0
2021-06-23	14:45:21	21.94	8.94	2.0069999999999997	0.0
2021-06-23	15:00:20	22.11	8.94	2.007	0.0
2021-06-23	15:15:21	22.11	8.94	2.21	0.0
2021-06-23	15:30:22	22.11	8.94	2.21	0.0
2021-06-23	15:45:20	22.11	8.94	2.21	0.0
2021-06-23	16:00:20	22.11	8.94	2.21	0.0
2021-06-23	16:15:20	22.11	8.94	2.362	0.0
2021-06-23	16:30:20	22.11	8.94	2.362	0.0
2021-06-23	16:45:20	22.11	8.94	2.362	0.0
2021-06-23	17:00:20	22.11	8.94	2.362	0.0
2021-06-23	17:15:21	22.11	8.94	2.464	0.0
2021-06-23	17:30:20	22.11	8.94	2.464	0.0
2021-06-23	17:45:20	22.11	8.94	2.464	0.0
2021-06-23	18:00:20	22.11	8.94	2.464	0.0
2021-06-23	18:15:24	22.11	8.94	2.489	0.0
2021-06-23	18:30:20	22.11	8.94	2.489	0.0
2021-06-24	11:30:22	18.28	9.28	0.991	5.999
2021-06-24	11:45:21	18.94	9.28	0.991	5.999
2021-06-24	12:00:20	19.56	9.28	0.991	5.999
2021-06-24	12:15:21	19.56	9.28	1.321	5.999
2021-06-24	12:30:21	19.56	9.28	1.321	5.999
2021-06-24	12:45:20	19.56	9.28	1.321	5.999
2021-06-24	13:00:20	19.56	9.28	1.321	5.999
2021-06-24	13:15:20	19.56	9.28	1.499	5.999
2021-06-24	13:30:20	19.56	9.28	1.499	5.999
2021-06-24	13:45:20	19.56	9.28	1.499	5.999
2021-06-24	14:00:20	19.56	9.28	1.499	5.999
2021-06-24	14:15:20	19.56	9.28	1.854	5.999
2021-06-24	14:30:21	20.11	9.28	1.854	5.999
2021-06-24	14:45:20	20.44	9.28	1.854	5.999
2021-06-24	15:00:21	20.44	9.28	1.854	5.999
2021-06-24	15:15:20	20.44	9.28	2.286	5.999
2021-06-24	15:30:20	20.44	9.28	2.286	5.999
2021-06-24	15:45:20	20.44	9.28	2.286	5.999
2021-06-24	16:00:20	20.44	9.28	2.286	5.999
2021-06-24	16:15:20	20.44	9.28	2.515	5.999
2021-06-24	16:30:20	20.44	9.28	2.515	5.999
2021-06-24	16:45:20	20.44	9.28	2.515	5.999
2021-06-24	17:00:20	20.44	9.28	2.515	5.999
2021-06-24	17:15:20	20.44	9.28	2.54	5.999
2021-06-24	17:30:20	20.44	9.28	2.54	5.999
2021-06-24	17:45:21	20.44	9.28	2.54	5.999
2021-06-24	18:00:20	20.44	9.28	2.54	5.999
2021-06-24	18:15:20	20.44	9.28	2.565	5.999
2021-06-24	18:30:20	20.44	9.28	2.565	5.999
2021-06-24	18:45:21	20.44	9.28	2.565	5.999
2021-06-24	19:00:22	20.44	9.28	2.565	5.999
2021-06-24	19:15:20	20.44	9.28	2.565	5.999
2021-06-24	19:30:20	20.44	9.28	2.565	5.999
2021-06-24	19:45:20	20.44	9.28	2.565	5.999
2021-06-24	20:00:23	20.44	9.28	2.565	5.999
2021-06-24	20:15:22	20.44	9.28	2.565	5.999
2021-06-24	20:30:20	20.44	9.28	2.565	5.999
2021-06-24	20:45:20	20.44	9.28	2.565	5.999
2021-06-24	21:00:20	20.44	9.28	2.565	5.999
2021-06-24	21:15:21	20.44	9.28	2.565	5.999
2021-06-24	21:30:21	20.44	9.28	2.565	5.999
2021-06-24	21:45:19	20.44	9.28	2.565	5.999
2021-06-24	22:00:22	20.44	9.28	2.565	5.999
2021-06-24	22:15:20	20.44	9.28	2.565	5.999
2021-06-24	22:30:20	20.44	9.28	2.565	5.999
2021-06-24	22:45:20	20.44	9.28	2.565	5.999
2021-06-24	23:00:20	20.44	9.28	2.565	5.999
2021-06-24	23:15:20	20.44	9.28	2.565	5.999
2021-06-24	23:30:20	20.44	9.28	2.565	5.999
2021-06-24	23:45:20	20.44	9.17	2.565	5.999
2021-06-25	00:00:19	20.44	9.11	2.565	5.999
2021-06-25	00:15:20	9.33	9.17	0.0	0.0
2021-06-25	00:30:20	9.39	8.94	0.0	0.0
2021-06-25	00:45:20	9.39	8.67	0.0	0.0
2021-06-25	01:00:20	9.39	8.67	0.0	0.0
2021-06-25	01:15:20	9.39	8.67	0.0	0.0
2021-06-25	01:30:20	9.39	8.67	0.0	0.0
2021-06-25	01:45:20	9.39	8.67	0.0	0.0
2021-06-25	02:00:20	9.72	8.67	0.0	0.0
2021-06-25	02:15:20	9.89	8.67	0.0	0.0
2021-06-25	02:30:20	9.94	8.67	0.0	0.0
2021-06-25	02:45:20	10.0	8.67	0.0	0.0
2021-06-25	03:00:20	10.06	8.67	0.0	0.0
2021-06-25	03:15:21	10.06	8.67	0.0	0.0
2021-06-25	03:30:20	10.17	8.67	0.0	0.0
2021-06-25	03:45:20	10.28	8.67	0.0	0.0
2021-06-25	04:00:20	10.33	8.67	0.0	0.0
2021-06-25	04:15:20	10.33	8.67	0.0	0.0
2021-06-25	04:30:20	10.33	8.67	0.0	0.0
2021-06-25	04:45:20	10.33	8.67	0.0	0.0
2021-06-25	05:00:20	10.33	8.67	0.0	0.0
2021-06-25	05:15:20	10.33	8.67	0.0	0.0
2021-06-25	05:30:20	10.33	8.67	0.0	0.0
2021-06-25	05:45:20	10.33	8.67	0.0	0.0
2021-06-25	06:00:20	10.33	8.67	0.0	0.0
2021-06-25	06:15:21	10.33	8.67	0.0	0.0
2021-06-25	06:30:20	10.33	8.67	0.0	0.0
2021-06-25	06:45:20	10.5	8.67	0.0	0.0
2021-06-25	07:00:20	10.78	8.67	0.0	0.0
2021-06-25	07:15:20	10.78	8.67	0.025	0.0
2021-06-25	07:30:21	11.0	8.67	0.025	0.0
2021-06-25	07:45:20	11.67	8.67	0.025	0.0
2021-06-25	08:00:20	12.06	8.67	0.025	0.0
2021-06-25	08:15:20	12.39	8.67	0.102	0.0
2021-06-25	08:30:20	12.89	8.67	0.102	0.0
2021-06-25	08:45:20	13.67	8.67	0.102	0.0
2021-06-25	09:00:20	14.39	8.67	0.102	0.0
2021-06-25	09:15:20	15.5	8.67	0.279	0.0
2021-06-25	09:30:20	16.17	8.67	0.27899999999999997	0.0
2021-06-25	09:45:20	16.94	8.67	0.279	0.0
2021-06-25	10:00:20	16.94	8.67	0.27899999999999997	0.0
2021-06-25	10:15:21	17.33	8.67	0.635	0.0
2021-06-25	10:30:20	18.17	8.67	0.635	0.0
2021-06-25	10:45:21	18.33	8.67	0.635	0.0
2021-06-25	11:00:20	18.67	8.67	0.635	0.0
2021-06-25	11:15:20	19.06	8.67	0.889	0.0
2021-06-25	11:30:20	19.67	8.67	0.889	0.0
2021-06-25	11:45:20	19.78	8.67	0.889	0.0
2021-06-25	12:00:20	20.28	8.67	0.889	0.0
2021-06-25	12:15:20	20.72	8.67	1.321	0.0
2021-06-25	12:30:20	21.5	8.67	1.321	0.0
2021-06-25	12:45:20	21.5	8.67	1.321	0.0
2021-06-25	13:00:20	21.56	8.67	1.321	0.0
2021-06-25	13:15:20	21.72	8.67	1.93	0.0
2021-06-25	13:30:20	21.72	8.67	1.93	0.0
2021-06-25	13:45:20	21.72	8.67	1.93	0.0
2021-06-25	14:00:20	21.89	8.67	1.93	0.0
2021-06-25	14:15:22	22.33	8.67	2.4130000000000003	0.0
2021-06-25	14:30:22	22.5	8.67	2.4130000000000003	0.0
2021-06-25	14:45:20	22.5	8.67	2.4130000000000003	0.0
2021-06-25	15:00:20	22.5	8.67	2.4130000000000003	0.0
2021-06-25	15:15:22	22.5	8.67	2.9210000000000003	0.0
2021-06-25	15:30:20	22.5	8.67	2.9210000000000003	0.0
2021-06-25	15:45:20	22.5	8.67	2.9210000000000003	0.0
2021-06-25	16:00:20	22.5	8.67	2.9210000000000003	0.0
2021-06-25	16:15:20	22.5	8.67	3.15	0.0
2021-06-25	16:30:20	22.5	8.67	3.15	0.0
2021-06-25	16:45:20	22.5	8.67	3.15	0.0
2021-06-25	17:00:20	22.5	8.67	3.15	0.0
2021-06-25	17:15:20	22.5	8.67	3.2260000000000004	0.0
2021-06-25	17:30:20	22.5	8.67	3.2260000000000004	0.0
2021-06-25	17:45:20	22.5	8.67	3.2260000000000004	0.0
2021-06-25	18:00:20	22.5	8.67	3.2260000000000004	0.0
2021-06-25	18:15:20	22.5	8.67	3.2510000000000003	0.0
2021-06-25	18:30:20	22.5	8.67	3.2510000000000003	0.0
2021-06-27	11:45:20	16.78	9.61	0.508	0.201
2021-06-27	12:00:20	17.33	9.61	0.508	0.201
2021-06-27	12:15:20	17.39	9.61	0.813	0.201
2021-06-27	12:30:20	17.72	9.61	0.813	0.201
2021-06-27	12:45:20	17.89	9.61	0.813	0.201
2021-06-27	13:00:20	19.17	9.61	0.813	0.201
2021-06-27	13:15:20	19.67	9.61	1.194	0.201
2021-06-27	13:30:20	19.83	9.61	1.194	0.201
2021-06-27	13:45:20	20.61	9.61	1.194	0.201
2021-06-27	14:00:20	20.61	9.61	1.194	0.201
2021-06-27	14:15:20	20.61	9.61	1.5490000000000002	0.201
2021-06-27	14:30:21	20.61	9.61	1.5490000000000002	0.201
2021-06-27	14:45:21	20.61	9.61	1.5490000000000002	0.201
2021-06-27	15:00:22	20.67	9.61	1.5490000000000002	0.201
2021-06-27	15:15:20	20.67	9.61	1.905	0.201
2021-06-27	15:30:20	20.67	9.61	1.905	0.201
2021-06-27	15:45:20	21.06	9.61	1.905	0.201
2021-06-27	16:00:20	21.06	9.61	1.905	0.201
2021-06-27	16:15:20	21.06	9.61	2.134	0.201
2021-06-27	16:30:20	21.06	9.61	2.134	0.201
2021-06-27	16:45:20	21.06	9.61	2.134	0.201
2021-06-27	17:00:20	21.06	9.61	2.134	0.201
2021-06-27	17:15:20	21.06	9.61	2.235	0.201
2021-06-27	17:30:20	21.06	9.61	2.235	0.201
2021-06-27	17:45:20	21.06	9.61	2.235	0.201
2021-06-27	18:00:25	21.06	9.61	2.235	0.201
2021-06-27	18:15:27	21.06	9.61	2.286	0.201
2021-06-27	18:45:20	21.06	9.61	2.286	0.201
2021-06-27	19:00:20	21.06	9.61	2.286	0.201
2021-06-27	19:15:22	21.06	9.61	2.286	0.201
2021-06-27	19:30:20	21.06	9.61	2.286	0.201
2021-06-27	19:45:20	21.06	9.61	2.286	0.201
2021-06-27	20:00:20	21.06	9.61	2.286	0.201
2021-06-27	20:15:22	21.06	9.61	2.311	0.201
2021-06-27	20:30:20	21.06	9.61	2.311	0.201
2021-06-27	20:45:20	21.06	9.61	2.311	0.201
2021-06-27	21:00:20	21.06	9.61	2.311	0.201
2021-06-27	21:15:22	21.06	9.61	2.3369999999999997	0.201
2021-06-27	21:30:20	21.06	9.61	2.337	0.201
2021-06-27	21:45:21	21.06	9.61	2.3369999999999997	0.201
2021-06-27	22:00:20	21.06	9.61	2.337	0.201
2021-06-27	22:15:20	21.06	9.61	2.362	0.201
2021-06-27	22:30:22	21.06	9.61	2.362	0.201
2021-06-27	22:45:20	21.06	9.61	2.362	0.201
2021-06-27	23:00:20	21.06	9.61	2.362	0.201
2021-06-27	23:15:20	21.06	9.61	2.362	0.201
2021-06-27	23:30:20	21.06	9.61	2.362	0.201
2021-06-27	23:45:20	21.06	9.61	2.362	0.201
2021-06-28	00:00:19	21.06	9.61	2.362	0.201
2021-06-28	00:15:20	10.78	10.67	0.0	0.0
2021-06-28	00:30:20	10.78	10.44	0.0	0.0
2021-06-28	00:45:20	10.78	10.11	0.0	0.0
2021-06-28	01:00:20	10.78	9.94	0.0	0.0
2021-06-28	01:15:20	10.78	9.83	0.0	0.0
2021-06-28	01:30:20	10.78	9.56	0.0	0.0
2021-06-28	01:45:20	10.78	9.22	0.0	0.0
2021-06-28	02:00:20	10.78	9.11	0.0	0.0
2021-06-28	02:15:20	10.78	8.89	0.0	0.0
2021-06-28	02:30:20	10.78	8.83	0.0	0.0
2021-06-28	02:45:20	10.78	8.56	0.0	0.0
2021-06-28	03:00:20	10.78	8.56	0.0	0.0
2021-06-28	03:15:20	10.78	8.56	0.0	0.0
2021-06-28	03:30:20	10.78	8.5	0.0	0.0
2021-06-28	03:45:20	10.78	8.28	0.0	0.0
2021-06-28	04:00:20	10.78	7.94	0.0	0.0
2021-06-28	04:15:20	10.78	7.94	0.0	0.0
2021-06-28	04:30:20	10.78	7.94	0.0	0.0
2021-06-28	04:45:20	10.78	7.94	0.0	0.0
2021-06-28	05:00:20	10.78	7.94	0.0	0.0
2021-06-28	05:15:22	10.78	7.94	0.0	0.0
2021-06-28	05:30:20	10.78	7.94	0.0	0.0
2021-06-28	05:45:20	10.78	7.94	0.0	0.0
2021-06-28	06:00:21	10.78	7.94	0.0	0.0
2021-06-28	06:15:21	10.78	7.94	0.0	0.0
2021-06-28	06:30:21	10.78	7.94	0.0	0.0
2021-06-28	06:45:20	10.78	7.94	0.0	0.0
2021-06-28	07:00:20	10.78	7.94	0.0	0.0
2021-06-28	07:15:20	10.78	7.94	0.025	0.0
2021-06-28	07:30:20	10.78	7.94	0.025	0.0
2021-06-28	07:45:20	10.78	7.94	0.025	0.0
2021-06-28	08:00:20	11.17	7.94	0.025	0.0
2021-06-28	08:15:20	12.11	7.94	0.127	0.0
2021-06-28	08:30:20	12.33	7.94	0.127	0.0
2021-06-28	08:45:20	12.39	7.94	0.127	0.0
2021-06-28	09:00:22	13.06	7.94	0.127	0.0
2021-06-28	09:15:20	14.22	7.94	0.254	0.0
2021-06-28	09:30:21	14.44	7.94	0.254	0.0
2021-06-28	09:45:20	14.78	7.94	0.254	0.0
2021-06-28	10:00:20	16.67	7.94	0.254	0.0
2021-06-28	10:15:20	18.11	7.94	0.508	0.0
2021-06-28	10:30:20	18.5	7.94	0.508	0.0
2021-06-28	10:45:20	18.78	7.94	0.508	0.0
2021-06-28	11:00:20	18.78	7.94	0.508	0.0
2021-06-28	11:15:20	19.06	7.94	0.991	0.0
2021-06-28	11:30:20	19.44	7.94	0.991	0.0
2021-06-28	11:45:20	19.5	7.94	0.991	0.0
2021-06-28	12:00:23	19.5	7.94	0.991	0.0
2021-06-28	12:15:20	19.5	7.94	1.5490000000000002	0.0
2021-06-28	12:30:20	20.11	7.94	1.5490000000000002	0.0
2021-06-28	12:45:20	20.17	7.94	1.5490000000000002	0.0
2021-06-28	13:00:21	20.78	7.94	1.5490000000000002	0.0
2021-06-28	13:15:20	20.78	7.94	2.134	0.0
2021-06-28	13:30:20	20.78	7.94	2.134	0.0
2021-06-28	13:45:20	20.78	7.94	2.134	0.0
2021-06-28	14:00:21	20.78	7.94	2.134	0.0
2021-06-28	14:15:21	20.78	7.94	2.489	0.0
2021-06-28	14:30:20	20.78	7.94	2.489	0.0
2021-06-28	14:45:20	20.78	7.94	2.489	0.0
2021-06-28	15:00:20	20.78	7.94	2.489	0.0
2021-06-28	15:15:20	20.78	7.94	2.819	0.0
2021-06-28	15:30:22	20.78	7.94	2.819	0.0
2021-06-28	15:45:20	20.78	7.94	2.819	0.0
2021-06-28	16:00:20	20.78	7.94	2.819	0.0
2021-06-28	16:15:20	20.78	7.94	3.023	0.0
2021-06-28	16:30:20	20.78	7.94	3.023	0.0
2021-06-28	16:45:20	20.78	7.94	3.023	0.0
2021-06-28	17:00:20	20.78	7.94	3.023	0.0
2021-06-28	17:15:22	20.78	7.94	3.2260000000000004	0.0
2021-06-28	17:30:20	20.78	7.94	3.2260000000000004	0.0
2021-06-28	17:45:22	20.78	7.94	3.2260000000000004	0.0
2021-06-28	18:00:20	20.78	7.94	3.2260000000000004	0.0
2021-06-28	18:15:20	20.78	7.94	3.302	0.0
2021-06-28	18:30:27	20.78	7.94	3.302	0.0
2021-06-28	18:45:25	20.78	7.94	3.302	0.0
2021-06-28	19:00:20	20.78	7.94	3.302	0.0
2021-06-28	19:15:20	20.78	7.94	3.327	0.0
2021-06-28	19:30:20	20.78	7.94	3.327	0.0
2021-06-28	19:45:21	20.78	7.94	3.327	0.0
2021-06-28	20:00:20	20.78	7.94	3.327	0.0
2021-06-28	20:15:21	20.78	7.94	3.378	0.0
2021-06-28	20:30:20	20.78	7.94	3.378	0.0
2021-06-28	20:45:21	20.78	7.94	3.378	0.0
2021-06-28	21:00:21	20.78	7.94	3.378	0.0
2021-06-28	21:15:22	20.78	7.94	3.429	0.0
2021-06-28	21:30:20	20.78	7.94	3.429	0.0
2021-06-28	21:45:22	20.78	7.94	3.429	0.0
2021-06-28	22:00:24	20.78	7.94	3.429	0.0
2021-06-28	22:15:20	20.78	7.94	3.4539999999999997	0.0
2021-06-28	22:30:20	20.78	7.94	3.454	0.0
2021-06-28	22:45:20	20.78	7.94	3.4539999999999997	0.0
2021-06-28	23:00:20	20.78	7.94	3.454	0.0
2021-06-28	23:15:20	20.78	7.94	3.48	0.0
2021-06-28	23:30:20	20.78	7.94	3.48	0.0
2021-06-28	23:45:20	20.78	7.94	3.48	0.0
2021-06-29	00:00:20	20.78	7.94	3.48	0.0
2021-06-29	00:15:20	12.44	12.28	0.0	0.0
2021-06-29	00:30:20	12.44	12.22	0.0	0.0
2021-06-29	00:45:20	12.44	12.06	0.0	0.0
2021-06-29	01:00:20	12.44	11.94	0.0	0.0
2021-06-29	01:15:20	12.44	11.94	0.0	0.0
2021-06-29	01:30:20	12.44	11.72	0.0	0.0
2021-06-29	01:45:20	12.44	11.56	0.0	0.0
2021-06-29	02:00:20	12.44	11.39	0.0	0.0
2021-06-29	02:15:20	12.44	11.39	0.0	0.0
2021-06-29	02:30:20	12.44	11.39	0.0	0.0
2021-06-29	02:45:20	12.44	11.22	0.0	0.0
2021-06-29	03:00:20	12.44	11.22	0.0	0.0
2021-06-29	03:15:20	12.44	11.17	0.0	0.0
2021-06-29	03:30:20	12.44	10.78	0.0	0.0
2021-06-29	03:45:20	12.44	10.61	0.0	0.0
2021-06-29	04:00:20	12.44	10.56	0.0	0.0
2021-06-29	04:15:20	12.44	10.44	0.0	0.0
2021-06-29	04:30:20	12.44	10.22	0.0	0.0
2021-06-29	04:45:20	12.44	10.22	0.0	0.0
2021-06-29	05:00:20	12.44	9.83	0.0	0.0
2021-06-29	05:15:20	12.44	9.56	0.0	0.0
2021-06-29	05:30:20	12.44	9.5	0.0	0.0
2021-06-29	05:45:20	12.44	9.5	0.0	0.0
2021-06-29	06:00:20	12.44	9.5	0.0	0.0
2021-06-29	06:15:20	12.44	9.5	0.0	0.0
2021-06-29	06:30:20	12.44	9.5	0.0	0.0
2021-06-29	06:45:20	12.44	9.5	0.0	0.0
2021-06-29	07:00:20	12.44	9.5	0.0	0.0
2021-06-29	07:15:20	12.44	9.5	0.025	0.0
2021-06-29	07:30:20	12.44	9.5	0.025	0.0
2021-06-29	07:45:20	13.22	9.5	0.025	0.0
2021-06-29	08:00:20	13.89	9.5	0.025	0.0
2021-06-29	08:15:20	14.5	9.5	0.17800000000000002	0.0
2021-06-29	08:30:20	15.44	9.5	0.17800000000000002	0.0
2021-06-29	08:45:20	16.5	9.5	0.17800000000000002	0.0
2021-06-29	09:00:20	17.28	9.5	0.17800000000000002	0.0
2021-06-29	09:15:20	17.67	9.5	0.457	0.0
2021-06-29	09:30:20	18.0	9.5	0.457	0.0
2021-06-29	09:45:20	18.5	9.5	0.457	0.0
2021-06-29	10:00:20	18.5	9.5	0.457	0.0
2021-06-29	10:15:20	18.89	9.5	0.914	0.0
2021-06-29	10:30:20	18.89	9.5	0.914	0.0
2021-06-29	10:45:25	18.89	9.5	0.914	0.0
2021-06-29	11:00:20	18.89	9.5	0.914	0.0
2021-06-29	11:15:20	18.94	9.5	1.3969999999999998	0.0
2021-06-29	11:30:20	18.94	9.5	1.3969999999999998	0.0
2021-06-29	11:45:21	18.94	9.5	1.3969999999999998	0.0
2021-06-29	12:00:20	18.94	9.5	1.3969999999999998	0.0
2021-06-29	12:15:20	19.11	9.5	1.956	0.0
2021-06-29	12:30:20	19.5	9.5	1.956	0.0
2021-06-29	12:45:20	19.5	9.5	1.956	0.0
2021-06-29	13:00:20	19.5	9.5	1.956	0.0
2021-06-29	13:15:20	19.5	9.5	2.515	0.0
2021-06-29	13:30:25	19.56	9.5	2.515	0.0
2021-06-29	14:00:20	19.56	9.5	2.515	0.0
2021-06-29	14:15:20	19.67	9.5	3.023	0.0
2021-06-29	14:30:21	19.83	9.5	3.023	0.0
2021-06-29	14:45:21	19.83	9.5	3.023	0.0
2021-06-29	15:00:20	20.56	9.5	3.023	0.0
2021-06-29	15:30:20	20.56	9.5	3.429	0.0
2021-06-29	15:45:20	20.56	9.5	3.429	0.0
2021-06-29	16:00:20	20.56	9.5	3.429	0.0
2021-06-29	16:15:20	20.56	9.5	3.708	0.0
2021-06-29	16:30:20	20.56	9.5	3.708	0.0
2021-06-29	16:45:20	20.56	9.5	3.708	0.0
2021-06-29	17:00:20	20.56	9.5	3.708	0.0
2021-06-29	17:15:20	20.56	9.5	3.912	0.0
2021-06-29	17:30:22	20.56	9.5	3.912	0.0
2021-06-29	17:45:22	20.56	9.5	3.912	0.0
2021-06-29	18:00:27	20.56	9.5	3.912	0.0
2021-06-29	18:15:20	20.56	9.5	3.988	0.0
2021-06-29	18:30:22	20.56	9.5	3.988	0.0
2021-06-29	18:45:25	20.56	9.5	3.988	0.0
2021-06-29	19:00:21	20.56	9.5	3.988	0.0
2021-06-29	19:15:21	20.56	9.5	4.039	0.0
2021-06-29	19:30:21	20.56	9.5	4.039	0.0
2021-06-29	19:45:22	20.56	9.5	4.039	0.0
2021-06-29	20:00:21	20.56	9.5	4.039	0.0
2021-06-29	20:30:20	20.56	9.5	4.0889999999999995	0.0
2021-06-29	20:45:22	20.56	9.5	4.089	0.0
2021-06-29	21:00:22	20.56	9.5	4.0889999999999995	0.0
2021-06-29	21:15:26	20.56	9.5	4.115	0.0
2021-06-29	21:30:20	20.56	9.5	4.115	0.0
2021-06-29	21:45:25	20.56	9.5	4.115	0.0
2021-06-29	22:00:23	20.56	9.5	4.115	0.0
2021-06-29	22:15:20	20.56	9.5	4.14	0.0
2021-06-29	22:30:22	20.56	9.5	4.14	0.0
2021-06-29	22:45:22	20.56	9.5	4.14	0.0
2021-06-29	23:00:20	20.56	9.5	4.14	0.0
2021-06-29	23:15:20	20.56	9.5	4.166	0.0
2021-06-29	23:30:20	20.56	9.17	4.166	0.0
2021-06-29	23:45:20	20.56	9.17	4.166	0.0
2021-06-30	00:00:19	20.56	8.67	4.166	0.0
2021-06-30	00:15:20	8.83	8.56	0.0	0.0
2021-06-30	00:30:20	8.83	8.44	0.0	0.0
2021-06-30	00:45:20	9.0	8.44	0.0	0.0
2021-06-30	01:00:20	9.28	8.44	0.0	0.0
2021-06-30	01:15:20	9.28	8.44	0.0	0.0
2021-06-30	01:30:20	9.39	8.44	0.0	0.0
2021-06-30	01:45:20	9.39	8.44	0.0	0.0
2021-06-30	02:00:20	9.39	8.44	0.0	0.0
2021-06-30	02:15:20	9.39	8.44	0.0	0.0
2021-06-30	02:30:20	9.39	8.44	0.0	0.0
2021-06-30	02:45:20	9.39	8.22	0.0	0.0
2021-06-30	03:00:20	9.39	8.11	0.0	0.0
2021-06-30	03:15:20	9.39	7.94	0.0	0.0
2021-06-30	03:30:20	9.39	7.67	0.0	0.0
2021-06-30	03:45:20	9.39	7.67	0.0	0.0
2021-06-30	04:00:20	9.39	7.67	0.0	0.0
2021-06-30	04:15:20	9.39	7.67	0.0	0.0
2021-06-30	04:30:20	9.39	7.67	0.0	0.0
2021-06-30	04:45:20	9.39	7.67	0.0	0.0
2021-06-30	05:00:20	9.39	7.67	0.0	0.0
2021-06-30	05:15:20	9.56	7.67	0.0	0.0
2021-06-30	05:30:20	9.61	7.67	0.0	0.0
2021-06-30	05:45:20	9.61	7.67	0.0	0.0
2021-06-30	06:00:20	9.72	7.67	0.0	0.0
2021-06-30	06:15:26	9.78	7.67	0.0	0.0
2021-06-30	06:30:20	9.89	7.67	0.0	0.0
2021-06-30	06:45:20	10.06	7.67	0.0	0.0
2021-06-30	07:00:21	10.33	7.67	0.0	0.0
2021-06-30	07:15:21	10.94	7.67	0.025	0.0
2021-06-30	07:30:20	11.56	7.67	0.025	0.0
2021-06-30	07:45:20	11.89	7.67	0.025	0.0
2021-06-30	08:00:20	12.72	7.67	0.025	0.0
2021-06-30	08:15:20	13.33	7.67	0.127	0.0
2021-06-30	08:30:20	13.67	7.67	0.127	0.0
2021-06-30	09:00:20	15.06	7.67	0.127	0.0
2021-06-30	09:15:20	15.17	7.67	0.27899999999999997	0.0
2021-06-30	09:30:20	15.44	7.67	0.279	0.0
2021-06-30	09:45:22	15.5	7.67	0.27899999999999997	0.0
2021-06-30	10:00:20	16.06	7.67	0.279	0.0
2021-06-30	10:15:21	16.72	7.67	0.457	0.0
2021-06-30	10:30:20	17.0	7.67	0.457	0.0
2021-06-30	10:45:20	17.0	7.67	0.457	0.0
2021-06-30	11:00:26	17.44	7.67	0.457	0.0
2021-06-30	11:15:20	17.5	7.67	0.635	0.0
2021-06-30	11:30:20	17.5	7.67	0.635	0.0
2021-06-30	11:45:20	17.5	7.67	0.635	0.0
2021-06-30	12:00:20	17.5	7.67	0.635	0.0
2021-06-30	12:15:20	18.28	7.67	0.813	0.0
2021-06-30	12:30:25	18.44	7.67	0.813	0.0
2021-06-30	12:45:22	18.44	7.67	0.813	0.0
2021-06-30	13:00:20	18.44	7.67	0.813	0.0
2021-06-30	13:15:20	18.44	7.67	1.143	0.0
2021-06-30	13:30:20	18.44	7.67	1.143	0.0
2021-06-30	13:45:21	18.44	7.67	1.143	0.0
2021-06-30	14:00:25	18.44	7.67	1.143	0.0
2021-06-30	14:15:20	18.44	7.67	1.3969999999999998	0.0
2021-06-30	14:30:20	18.44	7.67	1.3969999999999998	0.0
2021-06-30	14:45:20	18.44	7.67	1.3969999999999998	0.0
2021-06-30	15:00:22	18.44	7.67	1.3969999999999998	0.0
2021-06-30	15:15:20	18.61	7.67	1.626	0.0
2021-06-30	15:30:20	18.67	7.67	1.626	0.0
2021-06-30	15:45:20	18.67	7.67	1.626	0.0
2021-06-30	16:00:20	18.67	7.67	1.626	0.0
2021-06-30	16:15:21	18.67	7.67	1.829	0.0
2021-06-30	16:30:20	18.67	7.67	1.829	0.0
2021-06-30	16:45:22	18.67	7.67	1.829	0.0
2021-06-30	17:00:20	18.67	7.67	1.829	0.0
2021-06-30	17:15:22	18.67	7.67	1.88	0.0
2021-06-30	17:30:21	18.67	7.67	1.88	0.0
2021-06-30	17:45:37	18.67	7.67	1.88	0.0
2021-06-30	18:00:22	18.67	7.67	1.88	0.0
2021-06-30	18:15:25	18.67	7.67	1.905	0.0
2021-06-30	18:45:20	18.67	7.67	1.905	0.0
2021-06-30	19:00:21	18.67	7.67	1.905	0.0
2021-06-30	19:15:22	18.67	7.67	1.905	0.0
2021-06-30	19:30:21	18.67	7.67	1.905	0.0
2021-06-30	19:45:20	18.67	7.67	1.905	0.0
2021-06-30	20:15:22	18.67	7.67	1.93	0.0
2021-06-30	20:30:26	18.67	7.67	1.93	0.0
2021-06-30	21:15:23	18.67	7.67	1.956	0.0
2021-06-30	21:30:22	18.67	7.67	1.956	0.0
2021-06-30	21:45:25	18.67	7.67	1.956	0.0
2021-06-30	22:15:21	18.67	7.67	1.956	0.0
2021-06-30	22:30:20	18.67	7.67	1.956	0.0
2021-06-30	22:45:20	18.67	7.67	1.956	0.0
2021-06-30	23:00:20	18.67	7.67	1.956	0.0
2021-06-30	23:15:20	18.67	7.67	1.956	0.0
2021-06-30	23:30:22	18.67	7.67	1.956	0.0
2021-06-30	23:45:20	18.67	7.67	1.956	0.0
2021-07-01	00:00:20	18.67	7.67	1.956	0.0
2021-07-01	00:15:20	10.0	9.61	0.0	0.0
2021-07-01	00:30:20	10.0	9.39	0.0	0.0
2021-07-01	00:45:20	10.0	9.28	0.0	0.0
2021-07-01	01:00:20	10.0	9.06	0.0	0.0
2021-07-01	01:15:20	10.0	8.94	0.0	0.0
2021-07-01	01:30:20	10.0	8.78	0.0	0.0
2021-07-01	01:45:20	10.0	8.39	0.0	0.0
2021-07-01	02:00:20	10.0	8.17	0.0	0.0
2021-07-01	02:15:20	10.0	8.11	0.0	0.0
2021-07-01	02:30:20	10.0	8.0	0.0	0.0
2021-07-01	02:45:20	10.0	8.0	0.0	0.0
2021-07-01	03:00:20	10.0	8.0	0.0	0.0
2021-07-01	03:15:20	10.0	7.67	0.0	0.0
2021-07-01	03:30:20	10.0	7.28	0.0	0.0
2021-07-01	03:45:20	10.0	7.28	0.0	0.0
2021-07-01	04:00:20	10.0	7.28	0.0	0.0
2021-07-01	04:15:20	10.0	7.28	0.0	0.0
2021-07-01	04:30:20	10.0	7.28	0.0	0.0
2021-07-01	04:45:20	10.0	7.28	0.0	0.0
2021-07-01	05:00:20	10.0	6.94	0.0	0.0
2021-07-01	05:15:20	10.0	6.83	0.0	0.0
2021-07-01	05:30:20	10.0	6.83	0.0	0.0
2021-07-01	05:45:20	10.0	6.83	0.0	0.0
2021-07-01	06:00:20	10.0	6.83	0.0	0.0
2021-07-01	06:15:20	10.0	6.83	0.0	0.0
2021-07-01	06:30:20	10.0	6.83	0.0	0.0
2021-07-01	06:45:25	10.0	6.83	0.0	0.0
2021-07-01	07:00:20	10.0	6.83	0.0	0.0
2021-07-01	07:15:20	10.44	6.83	0.025	0.0
2021-07-01	07:30:20	11.33	6.83	0.025	0.0
2021-07-01	07:45:20	11.72	6.83	0.025	0.0
2021-07-01	08:00:20	12.67	6.83	0.025	0.0
2021-07-01	08:15:20	13.28	6.83	0.152	0.0
2021-07-01	08:30:22	13.78	6.83	0.152	0.0
2021-07-01	08:45:20	14.83	6.83	0.152	0.0
2021-07-01	09:00:20	15.17	6.83	0.152	0.0
2021-07-01	09:15:20	15.5	6.83	0.305	0.0
2021-07-01	09:30:22	15.94	6.83	0.305	0.0
2021-07-01	09:45:25	16.39	6.83	0.305	0.0
2021-07-01	10:00:21	16.94	6.83	0.305	0.0
2021-07-01	10:15:20	17.28	6.83	0.483	0.0
2021-07-01	10:30:20	17.28	6.83	0.483	0.0
2021-07-01	10:45:20	17.28	6.83	0.483	0.0
2021-07-01	11:15:20	17.28	6.83	0.711	0.0
2021-07-01	11:30:20	17.33	6.83	0.711	0.0
2021-07-01	11:45:20	17.67	6.83	0.711	0.0
2021-07-01	12:00:20	17.67	6.83	0.711	0.0
2021-07-01	12:15:20	17.67	6.83	0.991	0.0
2021-07-01	12:30:25	17.67	6.83	0.991	0.0
2021-07-01	12:45:20	17.67	6.83	0.991	0.0
2021-07-01	13:00:20	17.67	6.83	0.991	0.0
2021-07-01	13:15:20	17.67	6.83	1.194	0.0
2021-07-01	13:30:25	17.67	6.83	1.194	0.0
2021-07-01	13:45:20	17.67	6.83	1.194	0.0
2021-07-01	14:00:20	17.67	6.83	1.194	0.0
2021-07-01	14:15:20	17.67	6.83	1.575	0.0
2021-07-01	14:30:43	17.67	6.83	1.575	0.0
2021-07-01	14:45:21	17.67	6.83	1.575	0.0
2021-07-01	15:00:21	17.67	6.83	1.575	0.0
2021-07-01	15:15:20	17.67	6.83	1.829	0.0
2021-07-01	15:45:20	17.67	6.83	1.829	0.0
2021-07-01	16:00:20	17.67	6.83	1.829	0.0
2021-07-01	16:15:21	17.67	6.83	2.032	0.0
2021-07-01	16:30:20	17.67	6.83	2.032	0.0
2021-07-01	16:45:20	17.67	6.83	2.032	0.0
2021-07-01	17:00:22	17.67	6.83	2.032	0.0
2021-07-01	17:15:20	17.67	6.83	2.108	0.0
2021-07-01	17:30:22	17.67	6.83	2.108	0.0
2021-07-01	18:00:22	17.67	6.83	2.108	0.0
2021-07-01	18:15:27	17.67	6.83	2.134	0.0
2021-07-01	18:30:22	17.67	6.83	2.134	0.0
2021-07-01	18:45:25	17.67	6.83	2.134	0.0
2021-07-01	19:00:24	17.67	6.83	2.134	0.0
2021-07-01	19:15:27	17.67	6.83	2.1590000000000003	0.0
2021-07-01	19:30:22	17.67	6.83	2.1590000000000003	0.0
2021-07-01	20:00:21	17.67	6.83	2.1590000000000003	0.0
2021-07-01	20:15:25	17.67	6.83	2.184	0.0
2021-07-01	20:30:27	17.67	6.83	2.184	0.0
2021-07-01	20:45:24	17.67	6.83	2.184	0.0
2021-07-01	21:00:25	17.67	6.83	2.184	0.0
2021-07-01	21:15:21	17.67	6.83	2.21	0.0
2021-07-01	21:30:25	17.67	6.83	2.21	0.0
2021-07-01	21:45:20	17.67	6.83	2.21	0.0
2021-07-01	22:15:20	17.67	6.83	2.235	0.0
2021-07-01	22:30:21	17.67	6.83	2.235	0.0
2021-07-01	22:45:21	17.67	6.83	2.235	0.0
2021-07-01	23:00:20	17.67	6.83	2.235	0.0
2021-07-01	23:15:20	17.67	6.83	2.235	0.0
2021-07-01	23:30:20	17.67	6.83	2.235	0.0
2021-07-01	23:45:22	17.67	6.83	2.235	0.0
2021-07-02	00:00:20	17.67	6.83	2.235	0.0
2021-07-02	00:15:20	10.22	10.17	0.0	0.0
2021-07-02	00:30:22	10.28	10.17	0.0	0.0
2021-07-02	00:45:20	10.33	10.17	0.0	0.0
2021-07-02	01:00:20	10.33	10.17	0.0	0.0
2021-07-02	01:15:20	10.44	10.17	0.0	0.0
2021-07-02	01:30:20	10.44	10.17	0.0	0.0
2021-07-02	01:45:20	10.44	10.17	0.0	0.0
2021-07-02	02:00:20	10.44	10.17	0.0	0.0
2021-07-02	02:15:20	10.44	10.17	0.0	0.0
2021-07-02	02:30:20	10.44	10.17	0.0	0.0
2021-07-02	02:45:20	10.44	10.17	0.0	0.0
2021-07-02	03:00:20	10.44	10.17	0.0	0.0
2021-07-02	03:15:20	10.44	10.17	0.0	0.0
2021-07-02	03:30:20	10.44	10.17	0.0	0.0
2021-07-02	03:45:20	10.44	10.17	0.0	0.0
2021-07-02	04:00:20	10.44	10.0	0.0	0.0
2021-07-02	04:15:20	10.44	9.94	0.0	0.0
2021-07-02	04:30:20	10.44	9.89	0.0	0.0
2021-07-02	04:45:20	10.44	9.67	0.0	0.0
2021-07-02	05:00:20	10.44	9.39	0.0	0.0
2021-07-02	05:15:21	10.44	9.11	0.0	0.0
2021-07-02	05:30:20	10.44	8.72	0.0	0.0
2021-07-02	05:45:20	10.44	8.67	0.0	0.0
2021-07-02	06:00:20	10.44	8.28	0.0	0.0
2021-07-02	06:15:20	10.44	7.94	0.0	0.0
2021-07-02	06:30:20	10.44	7.94	0.0	0.0
2021-07-02	06:45:20	10.44	7.94	0.0	0.0
2021-07-02	07:00:20	10.44	7.94	0.0	0.0
2021-07-02	07:15:20	10.44	7.94	0.025	0.0
2021-07-02	07:30:20	10.44	7.94	0.025	0.0
2021-07-02	07:45:20	11.0	7.94	0.025	0.0
2021-07-02	08:00:22	11.39	7.94	0.025	0.0
2021-07-02	08:15:20	11.78	7.94	0.076	0.0
2021-07-02	08:30:20	12.17	7.94	0.076	0.0
2021-07-02	08:45:29	12.72	7.94	0.076	0.0
2021-07-02	09:15:59	14.11	7.94	0.229	0.0
2021-07-02	09:30:31	14.11	7.94	0.22899999999999998	0.0
2021-07-02	10:00:20	14.28	7.94	0.229	0.0
2021-07-02	10:15:32	15.39	7.94	0.406	0.0
2021-07-02	10:30:23	16.78	7.94	0.406	0.0
2021-07-02	10:45:20	17.33	7.94	0.406	0.0
2021-07-02	11:00:21	18.72	7.94	0.406	0.0
2021-07-02	11:15:20	19.33	7.94	0.762	0.0
2021-07-02	11:45:21	19.33	7.94	0.762	0.0
2021-07-02	12:00:20	19.33	7.94	0.762	0.0
2021-07-02	12:15:20	19.44	7.94	1.245	0.0
2021-07-02	12:30:20	19.67	7.94	1.245	0.0
2021-07-02	12:45:25	19.67	7.94	1.245	0.0
2021-07-02	13:00:27	19.67	7.94	1.245	0.0
2021-07-02	13:15:20	19.67	7.94	1.727	0.0
2021-07-02	13:30:20	19.67	7.94	1.7269999999999999	0.0
2021-07-02	13:45:20	19.67	7.94	1.727	0.0
2021-07-02	14:00:22	19.67	7.94	1.7269999999999999	0.0
2021-07-02	14:15:25	19.67	7.94	2.032	0.0
2021-07-02	14:30:20	19.72	7.94	2.032	0.0
2021-07-02	14:45:20	19.72	7.94	2.032	0.0
2021-07-02	15:00:20	19.72	7.94	2.032	0.0
2021-07-02	15:15:20	19.72	7.94	2.311	0.0
2021-07-02	15:30:20	19.72	7.94	2.311	0.0
2021-07-02	15:45:20	19.72	7.94	2.311	0.0
2021-07-02	16:00:20	19.72	7.94	2.311	0.0
2021-07-02	16:15:20	19.72	7.94	2.489	0.0
2021-07-02	16:30:20	19.72	7.94	2.489	0.0
2021-07-02	16:45:22	19.72	7.94	2.489	0.0
2021-07-02	17:00:20	19.72	7.94	2.489	0.0
2021-07-02	17:15:20	19.72	7.94	2.591	0.0
2021-07-02	17:30:22	19.72	7.94	2.591	0.0
2021-07-02	17:45:20	19.72	7.94	2.591	0.0
2021-07-02	18:00:20	19.72	7.94	2.591	0.0
2021-07-02	18:15:20	19.72	7.94	2.616	0.0
2021-07-02	18:45:20	19.72	7.94	2.616	0.0
2021-07-02	19:00:22	19.72	7.94	2.616	0.0
2021-07-02	19:15:22	19.72	7.94	2.616	0.0
2021-07-02	19:30:20	19.72	7.94	2.616	0.0
2021-07-02	19:45:22	19.72	7.94	2.616	0.0
2021-07-02	20:15:20	19.72	7.94	2.642	0.0
2021-07-02	20:30:20	19.72	7.94	2.642	0.0
2021-07-02	20:45:27	19.72	7.94	2.642	0.0
2021-07-02	21:00:21	19.72	7.94	2.642	0.0
2021-07-02	21:15:22	19.72	7.94	2.667	0.0
2021-07-02	21:30:22	19.72	7.94	2.667	0.0
2021-07-02	21:45:22	19.72	7.94	2.667	0.0
2021-07-02	22:00:22	19.72	7.94	2.667	0.0
2021-07-02	22:15:20	19.72	7.94	2.692	0.0
2021-07-02	22:30:20	19.72	7.94	2.6919999999999997	0.0
2021-07-02	22:45:25	19.72	7.94	2.692	0.0
2021-07-02	23:00:20	19.72	7.94	2.6919999999999997	0.0
2021-07-02	23:15:20	19.72	7.94	2.692	0.0
2021-07-02	23:30:21	19.72	7.94	2.6919999999999997	0.0
2021-07-02	23:45:20	19.72	7.94	2.692	0.0
2021-07-03	00:00:34	19.72	7.94	2.6919999999999997	0.0
2021-07-03	00:15:20	9.17	8.89	0.0	0.0
2021-07-03	00:30:20	9.17	8.61	0.0	0.0
2021-07-03	00:45:20	9.17	8.61	0.0	0.0
2021-07-03	01:00:20	9.17	8.61	0.0	0.0
2021-07-03	01:15:20	9.17	8.61	0.0	0.0
2021-07-03	01:30:20	9.17	8.61	0.0	0.0
2021-07-03	01:45:20	9.17	8.61	0.0	0.0
2021-07-03	02:00:20	9.17	8.61	0.0	0.0
2021-07-03	02:15:20	9.28	8.61	0.0	0.0
2021-07-03	02:30:20	9.44	8.61	0.0	0.0
2021-07-03	02:45:20	9.61	8.61	0.0	0.0
2021-07-03	03:00:20	9.61	8.61	0.0	0.0
2021-07-03	03:15:20	9.61	8.61	0.0	0.0
2021-07-03	03:30:20	9.61	8.61	0.0	0.0
2021-07-03	03:45:20	9.61	8.61	0.0	0.0
2021-07-03	04:00:20	9.61	8.61	0.0	0.0
2021-07-03	04:15:20	9.61	8.61	0.0	0.0
2021-07-03	04:30:20	9.61	8.61	0.0	0.0
2021-07-03	04:45:20	9.61	8.61	0.0	0.0
2021-07-03	05:00:20	9.61	8.61	0.0	0.0
2021-07-03	05:15:20	9.61	8.61	0.0	0.0
2021-07-03	05:30:20	9.61	8.61	0.0	0.0
2021-07-03	05:45:20	9.61	8.61	0.0	0.0
2021-07-03	06:00:20	9.61	8.61	0.0	0.0
2021-07-03	06:15:20	9.61	8.61	0.0	0.0
2021-07-03	06:30:20	9.61	8.61	0.0	0.0
2021-07-03	06:45:20	9.61	8.61	0.0	0.0
2021-07-03	07:00:20	9.61	8.61	0.0	0.0
2021-07-03	07:15:20	9.72	8.61	0.025	0.0
2021-07-03	07:30:20	10.11	8.61	0.025	0.0
2021-07-03	08:00:20	10.83	8.61	0.025	0.0
2021-07-03	08:15:20	11.0	8.61	0.076	0.0
2021-07-03	08:30:20	11.56	8.61	0.076	0.0
2021-07-03	08:45:20	12.39	8.61	0.076	0.0
2021-07-03	09:00:20	12.89	8.61	0.076	0.0
2021-07-03	09:15:20	13.11	8.61	0.203	0.0
2021-07-03	09:30:20	13.72	8.61	0.203	0.0
2021-07-03	09:45:22	14.56	8.61	0.203	0.0
2021-07-03	10:00:32	14.72	8.61	0.203	0.0
2021-07-03	10:15:22	15.28	8.61	0.33	0.0
2021-07-03	10:30:20	15.33	8.61	0.33	0.0
2021-07-03	10:45:20	15.67	8.61	0.33	0.0
2021-07-03	11:00:21	15.83	8.61	0.33	0.0
2021-07-03	11:15:25	15.83	8.61	0.508	0.0
2021-07-03	11:30:20	16.39	8.61	0.508	0.0
2021-07-03	11:45:20	16.78	8.61	0.508	0.0
2021-07-03	12:00:20	17.17	8.61	0.508	0.0
2021-07-03	12:15:25	17.17	8.61	0.762	0.0
2021-07-03	12:30:20	17.17	8.61	0.762	0.0
2021-07-03	12:45:25	17.17	8.61	0.762	0.0
2021-07-03	13:00:20	17.17	8.61	0.762	0.0
2021-07-03	13:15:20	17.17	8.61	0.914	0.0
2021-07-03	13:30:25	17.17	8.61	0.914	0.0
2021-07-03	13:45:20	17.17	8.61	0.914	0.0
2021-07-03	14:15:20	17.17	8.61	1.041	0.0
2021-07-03	14:30:20	17.17	8.61	1.041	0.0
2021-07-03	14:45:22	17.44	8.61	1.041	0.0
2021-07-03	15:00:20	17.83	8.61	1.041	0.0
2021-07-03	15:15:20	17.83	8.61	1.219	0.0
2021-07-03	15:45:21	17.83	8.61	1.219	0.0
2021-07-03	16:00:20	17.83	8.61	1.219	0.0
2021-07-03	16:15:21	17.83	8.61	1.321	0.0
2021-07-03	16:30:22	17.83	8.61	1.321	0.0
2021-07-03	16:45:20	17.83	8.61	1.321	0.0
2021-07-03	17:00:20	17.83	8.61	1.321	0.0
2021-07-03	17:15:20	17.83	8.61	1.3969999999999998	0.0
2021-07-03	17:30:25	17.83	8.61	1.3969999999999998	0.0
2021-07-03	17:45:20	17.83	8.61	1.3969999999999998	0.0
2021-07-03	18:00:27	17.83	8.61	1.3969999999999998	0.0
2021-07-03	18:15:20	17.83	8.61	1.4480000000000002	0.0
2021-07-03	18:30:21	17.83	8.61	1.4480000000000002	0.0
2021-07-03	18:45:20	17.83	8.61	1.4480000000000002	0.0
2021-07-03	19:00:20	17.83	8.61	1.4480000000000002	0.0
2021-07-03	19:15:20	17.83	8.61	1.4480000000000002	0.0
2021-07-03	19:30:21	17.83	8.61	1.4480000000000002	0.0
2021-07-03	19:45:20	17.83	8.61	1.4480000000000002	0.0
2021-07-03	20:00:20	17.83	8.61	1.4480000000000002	0.0
2021-07-03	20:15:23	17.83	8.61	1.473	0.0
2021-07-03	20:30:22	17.83	8.61	1.473	0.0
2021-07-03	20:45:22	17.83	8.61	1.473	0.0
2021-07-03	21:00:21	17.83	8.61	1.473	0.0
2021-07-03	21:15:21	17.83	8.61	1.499	0.0
2021-07-03	21:30:26	17.83	8.61	1.499	0.0
2021-07-03	21:45:22	17.83	8.61	1.499	0.0
2021-07-03	22:00:20	17.83	8.61	1.499	0.0
2021-07-03	22:15:20	17.83	8.61	1.499	0.0
2021-07-03	22:45:20	17.83	8.61	1.499	0.0
2021-07-03	23:00:20	17.83	8.61	1.499	0.0
2021-07-03	23:15:22	17.83	8.61	1.499	0.0
2021-07-03	23:30:20	17.83	8.61	1.499	0.0
2021-07-03	23:45:20	17.83	8.61	1.499	0.0
2021-07-04	00:00:19	17.83	8.61	1.499	0.0
2021-07-04	00:15:21	11.11	11.0	0.0	0.0
2021-07-04	00:30:20	11.11	11.0	0.0	0.0
2021-07-04	00:45:20	11.11	11.0	0.0	0.0
2021-07-04	01:00:20	11.11	10.83	0.0	0.0
2021-07-04	01:15:20	11.11	10.78	0.0	0.0
2021-07-04	01:30:20	11.11	10.78	0.0	0.0
2021-07-04	01:45:20	11.11	10.78	0.0	0.0
2021-07-04	02:00:20	11.11	10.78	0.0	0.0
2021-07-04	02:15:20	11.11	10.78	0.0	0.0
2021-07-04	02:30:20	11.11	10.78	0.0	0.0
2021-07-04	02:45:20	11.11	10.56	0.0	0.0
2021-07-04	03:00:20	11.11	10.44	0.0	0.0
2021-07-04	03:15:20	11.11	10.44	0.0	0.0
2021-07-04	03:30:20	11.11	10.44	0.0	0.0
2021-07-04	03:45:20	11.11	10.39	0.0	0.0
2021-07-04	04:00:20	11.11	10.39	0.0	0.0
2021-07-04	04:15:20	11.11	10.39	0.0	0.0
2021-07-04	04:30:20	11.11	10.39	0.0	0.0
2021-07-04	04:45:20	11.11	10.39	0.0	0.0
2021-07-04	05:00:20	11.11	10.28	0.0	0.0
2021-07-04	05:15:20	11.11	10.06	0.0	0.0
2021-07-04	05:30:20	11.11	10.0	0.0	0.0
2021-07-04	05:45:20	11.11	9.94	0.0	0.0
2021-07-04	06:00:20	11.11	9.61	0.0	0.0
2021-07-04	06:15:20	11.11	9.5	0.0	0.0
2021-07-04	06:30:20	11.11	9.5	0.0	0.0
2021-07-04	06:45:20	11.11	9.5	0.0	0.0
2021-07-04	07:00:20	11.11	9.5	0.0	0.0
2021-07-04	07:15:20	11.72	9.5	0.025	0.0
2021-07-04	07:30:20	12.44	9.5	0.025	0.0
2021-07-04	07:45:20	13.0	9.5	0.025	0.0
2021-07-04	08:00:20	13.39	9.5	0.025	0.0
2021-07-04	08:15:21	13.5	9.5	0.127	0.0
2021-07-04	08:30:22	14.17	9.5	0.127	0.0
2021-07-04	08:45:20	14.61	9.5	0.127	0.0
2021-07-04	09:00:20	15.22	9.5	0.127	0.0
2021-07-04	09:15:20	15.72	9.5	0.305	0.0
2021-07-04	09:30:20	15.72	9.5	0.305	0.0
2021-07-04	09:45:21	15.83	9.5	0.305	0.0
2021-07-04	10:00:20	16.33	9.5	0.305	0.0
2021-07-04	10:15:20	16.56	9.5	0.584	0.0
2021-07-04	10:30:22	17.22	9.5	0.584	0.0
2021-07-04	10:45:20	18.0	9.5	0.584	0.0
2021-07-04	11:00:20	18.0	9.5	0.584	0.0
2021-07-04	11:15:20	18.0	9.5	0.991	0.0
2021-07-04	11:30:20	18.0	9.5	0.991	0.0
2021-07-04	11:45:20	18.33	9.5	0.991	0.0
2021-07-04	12:00:20	18.33	9.5	0.991	0.0
2021-07-04	12:15:22	18.39	9.5	1.4480000000000002	0.0
2021-07-04	12:30:20	18.5	9.5	1.4480000000000002	0.0
2021-07-04	12:45:20	18.5	9.5	1.4480000000000002	0.0
2021-07-04	13:00:20	18.67	9.5	1.4480000000000002	0.0
2021-07-04	13:15:20	18.72	9.5	1.88	0.0
2021-07-04	13:30:21	19.61	9.5	1.88	0.0
2021-07-04	13:45:20	19.83	9.5	1.88	0.0
2021-07-04	14:00:20	19.83	9.5	1.88	0.0
2021-07-04	14:15:20	19.83	9.5	2.438	0.0
2021-07-04	14:30:20	19.83	9.5	2.438	0.0
2021-07-04	14:45:20	19.83	9.5	2.438	0.0
2021-07-04	15:00:20	19.83	9.5	2.438	0.0
2021-07-04	15:15:20	19.83	9.5	2.769	0.0
2021-07-04	15:30:20	19.83	9.5	2.7689999999999997	0.0
2021-07-04	15:45:20	19.83	9.5	2.769	0.0
2021-07-04	16:00:20	19.83	9.5	2.7689999999999997	0.0
2021-07-04	16:15:20	19.83	9.5	3.023	0.0
2021-07-04	16:30:20	19.83	9.5	3.023	0.0
2021-07-04	16:45:20	19.83	9.5	3.023	0.0
2021-07-04	17:00:20	19.83	9.5	3.023	0.0
2021-07-04	17:15:22	19.83	9.5	3.124	0.0
2021-07-04	17:30:20	19.83	9.5	3.1239999999999997	0.0
2021-07-04	17:45:20	19.83	9.5	3.124	0.0
2021-07-04	18:00:20	19.83	9.5	3.1239999999999997	0.0
2021-07-04	18:15:20	19.83	9.5	3.175	0.0
2021-07-04	18:30:20	19.83	9.5	3.175	0.0
2021-07-04	18:45:20	19.83	9.5	3.175	0.0
2021-07-04	19:00:20	19.83	9.5	3.175	0.201
2021-07-04	19:15:22	19.83	9.5	3.175	0.201
2021-07-04	19:30:23	19.83	9.5	3.175	0.201
2021-07-04	19:45:24	19.83	9.5	3.175	0.201
2021-07-04	20:00:20	19.83	9.5	3.175	0.201
2021-07-04	20:15:20	19.83	9.5	3.175	0.201
2021-07-04	20:45:20	19.83	9.5	3.175	0.201
2021-07-04	21:00:21	19.83	9.5	3.175	0.201
2021-07-04	21:15:24	19.83	9.5	3.175	0.201
2021-07-04	21:30:28	19.83	9.5	3.175	0.201
2021-07-04	21:45:24	19.83	9.5	3.175	0.201
2021-07-04	22:00:22	19.83	9.5	3.175	0.201
2021-07-04	22:15:25	19.83	9.5	3.175	0.201
2021-07-04	22:30:20	19.83	9.5	3.175	0.201
2021-07-04	22:45:20	19.83	9.5	3.175	0.201
2021-07-04	23:00:20	19.83	9.50	3.175	0.201
